地區,綜合所得總額-中位數(萬元)
新竹縣竹北市,83.2
臺北市大安區,80.6
新竹市東區,77.7
臺北市松山區,75.0
臺北市中正區,73.9
連江縣南竿鄉,73.5
臺北市文山區,70.7
臺北市內湖區,70.5
連江縣東引鄉,69.2
連江縣莒光鄉,68.4
新北市林口區,67.2
臺東縣綠島鄉,67.1
臺北市信義區,66.5
臺北市中山區,66.0
金門縣金城鎮,65.8
新竹縣寶山鄉,65.7
桃園市蘆竹區,65.3
臺中市南屯區,64.7
金門縣金寧鄉,64.2
新北市永和區,64.0
高雄市鳥松區,63.9
金門縣烏坵鄉,63.5
臺北市士林區,63.4
金門縣金湖鎮,62.9
新北市新店區,62.5
臺北市北投區,62.5
連江縣北竿鄉,62.0
新竹縣竹東鎮,62.0
桃園市桃園區,62.0
臺南市東區,62.0
新竹市北區,61.9
高雄市左營區,61.8
澎湖縣馬公市,61.5
臺中市西區,60.9
臺中市西屯區,60.9
臺北市南港區,60.0
金門縣金沙鎮,59.9
新北市淡水區,59.8
新北市汐止區,59.6
高雄市鼓山區,59.6
新竹縣芎林鄉,59.4
桃園市中壢區,58.9
臺南市新營區,58.6
新竹縣新豐鄉,58.5
嘉義市東區,58.4
金門縣烈嶼鄉,58.1
臺中市南區,58.1
高雄市前金區,58.0
新竹市香山區,57.9
高雄市三民區,57.7
高雄市苓雅區,57.7
基隆市安樂區,57.6
臺北市大同區,57.6
桃園市楊梅區,57.4
高雄市新興區,57.3
高雄市楠梓區,57.2
新北市深坑區,57.1
嘉義縣太保市,56.9
桃園市龜山區,56.9
新北市中和區,56.9
桃園市龍潭區,56.8
高雄市小港區,56.6
基隆市信義區,56.5
臺中市北屯區,56.4
新竹縣湖口鄉,56.3
臺南市安平區,56.3
苗栗縣頭份市,56.2
新北市泰山區,56.2
臺東縣蘭嶼鄉,56.0
桃園市平鎮區,56.0
苗栗縣苗栗市,55.8
苗栗縣竹南鎮,55.8
新北市板橋區,55.6
臺南市善化區,55.6
臺中市北區,55.6
高雄市鳳山區,55.5
臺東縣臺東市,55.3
新竹縣新埔鎮,55.2
宜蘭縣宜蘭市,55.2
臺南市北區,55.0
屏東縣麟洛鄉,54.9
雲林縣虎尾鎮,54.9
高雄市前鎮區,54.9
花蓮縣花蓮市,54.5
高雄市橋頭區,54.5
臺北市萬華區,54.4
雲林縣麥寮鄉,54.3
桃園市觀音區,54.3
高雄市仁武區,54.3
澎湖縣七美鄉,54.2
嘉義縣朴子市,54.2
雲林縣斗六市,54.1
苗栗縣泰安鄉,54.1
臺南市中西區,54.1
基隆市暖暖區,54.1
臺東縣金峰鄉,54.0
屏東縣霧臺鄉,54.0
屏東縣屏東市,53.9
基隆市中山區,53.8
宜蘭縣羅東鎮,53.6
澎湖縣湖西鄉,53.5
南投縣南投市,53.5
桃園市大園區,53.5
新北市烏來區,53.5
嘉義市西區,53.4
新北市三峽區,53.4
高雄市林園區,53.4
高雄市岡山區,53.4
臺南市永康區,53.4
桃園市八德區,53.2
新北市新莊區,53.2
高雄市美濃區,53.2
新北市蘆洲區,53.0
基隆市仁愛區,52.9
新竹縣峨眉鄉,52.8
桃園市新屋區,52.8
苗栗縣頭屋鄉,52.6
臺南市後壁區,52.6
新北市樹林區,52.4
新北市土城區,52.4
苗栗縣西湖鄉,52.3
高雄市大社區,52.3
臺中市中區,52.3
澎湖縣望安鄉,52.2
苗栗縣造橋鄉,52.2
基隆市中正區,52.2
基隆市七堵區,52.2
屏東縣長治鄉,52.0
新竹縣橫山鄉,52.0
屏東縣獅子鄉,51.9
苗栗縣公館鄉,51.9
高雄市鹽埕區,51.9
苗栗縣三義鄉,51.8
花蓮縣吉安鄉,51.7
嘉義縣新港鄉,51.7
新竹縣關西鎮,51.7
彰化縣彰化市,51.6
新北市八里區,51.6
高雄市大寮區,51.6
屏東縣南州鄉,51.5
臺南市麻豆區,51.4
臺南市六甲區,51.4
新北市三重區,51.3
屏東縣內埔鄉,51.2
高雄市桃源區,51.2
澎湖縣白沙鄉,51.1
嘉義縣鹿草鄉,51.1
雲林縣北港鎮,51.0
桃園市大溪區,51.0
臺南市新市區,51.0
屏東縣萬丹鄉,50.9
嘉義縣民雄鄉,50.8
雲林縣斗南鎮,50.8
桃園市復興區,50.8
屏東縣潮州鎮,50.7
新北市五股區,50.7
宜蘭縣冬山鄉,50.6
嘉義縣大林鎮,50.5
彰化縣員林市,50.5
苗栗縣銅鑼鄉,50.5
臺南市下營區,50.5
屏東縣林邊鄉,50.4
臺中市沙鹿區,50.4
高雄市那瑪夏區,50.3
臺中市潭子區,50.3
臺中市烏日區,50.3
雲林縣西螺鎮,50.1
雲林縣二崙鄉,50.1
臺南市仁德區,50.1
臺中市東區,50.1
臺中市龍井區,50.1
彰化縣田中鎮,50.0
南投縣草屯鎮,50.0
新竹縣北埔鄉,50.0
嘉義縣梅山鄉,49.9
彰化縣二水鄉,49.9
彰化縣竹塘鄉,49.9
屏東縣佳冬鄉,49.8
嘉義縣中埔鄉,49.8
新北市鶯歌區,49.8
臺南市歸仁區,49.8
臺東縣關山鎮,49.7
屏東縣竹田鄉,49.7
屏東縣牡丹鄉,49.7
嘉義縣阿里山鄉,49.7
臺南市官田區,49.7
臺南市佳里區,49.7
臺中市大里區,49.7
苗栗縣三灣鄉,49.6
臺南市柳營區,49.6
臺中市梧棲區,49.6
雲林縣土庫鎮,49.5
高雄市大樹區,49.5
花蓮縣玉里鎮,49.4
嘉義縣六腳鄉,49.4
雲林縣東勢鄉,49.4
彰化縣北斗鎮,49.4
彰化縣二林鎮,49.4
新竹縣五峰鄉,49.4
臺中市大肚區,49.4
雲林縣古坑鄉,49.3
南投縣竹山鎮,49.3
高雄市路竹區,49.3
屏東縣崁頂鄉,49.2
屏東縣瑪家鄉,49.2
雲林縣崙背鄉,49.2
臺南市安定區,49.2
臺中市大雅區,49.2
雲林縣臺西鄉,49.1
嘉義縣布袋鎮,49.0
高雄市燕巢區,49.0
屏東縣新園鄉,48.9
嘉義縣義竹鄉,48.9
南投縣仁愛鄉,48.9
苗栗縣大湖鄉,48.9
宜蘭縣壯圍鄉,48.9
宜蘭縣員山鄉,48.9
宜蘭縣蘇澳鎮,48.9
臺南市新化區,48.9
宜蘭縣五結鄉,48.8
臺東縣鹿野鄉,48.7
屏東縣萬巒鄉,48.7
南投縣集集鎮,48.7
宜蘭縣礁溪鄉,48.7
宜蘭縣三星鄉,48.7
高雄市永安區,48.7
高雄市旗山區,48.7
臺南市鹽水區,48.7
臺南市玉井區,48.7
臺東縣太麻里鄉,48.6
雲林縣褒忠鄉,48.6
臺東縣卑南鄉,48.3
屏東縣枋山鄉,48.3
雲林縣水林鄉,48.3
南投縣鹿谷鄉,48.3
新北市坪林區,48.3
屏東縣恆春鎮,48.2
南投縣埔里鎮,48.2
苗栗縣後龍鎮,48.2
花蓮縣新城鄉,48.1
嘉義縣水上鄉,48.1
雲林縣四湖鄉,48.1
臺南市山上區,48.1
臺中市豐原區,48.0
花蓮縣鳳林鎮,47.9
屏東縣東港鎮,47.9
屏東縣里港鄉,47.9
嘉義縣番路鄉,47.9
新竹縣尖石鄉,47.9
臺東縣達仁鄉,47.8
屏東縣枋寮鄉,47.8
屏東縣三地門鄉,47.8
臺中市新社區,47.8
臺中市和平區,47.8
嘉義縣溪口鄉,47.7
彰化縣埤頭鄉,47.7
苗栗縣南庄鄉,47.7
屏東縣九如鄉,47.6
屏東縣鹽埔鄉,47.6
新北市瑞芳區,47.6
臺南市學甲區,47.6
臺南市南區,47.5
臺南市西港區,47.5
臺中市外埔區,47.5
臺中市霧峰區,47.5
雲林縣元長鄉,47.4
高雄市阿蓮區,47.4
高雄市湖內區,47.4
臺南市南化區,47.4
臺東縣池上鄉,47.2
屏東縣高樹鄉,47.2
彰化縣秀水鄉,47.2
宜蘭縣頭城鎮,47.2
臺南市安南區,47.2
臺中市太平區,47.2
臺中市大甲區,47.1
新北市石碇區,47.0
臺中市清水區,47.0
嘉義縣大埔鄉,46.9
臺南市大內區,46.9
臺南市白河區,46.8
臺中市石岡區,46.8
屏東縣琉球鄉,46.7
彰化縣溪湖鎮,46.7
雲林縣莿桐鄉,46.6
南投縣名間鄉,46.5
新北市雙溪區,46.5
臺中市東勢區,46.5
臺中市大安區,46.5
彰化縣大城鄉,46.4
高雄市梓官區,46.4
臺南市東山區,46.4
彰化縣大村鄉,46.3
彰化縣社頭鄉,46.3
苗栗縣獅潭鄉,46.3
宜蘭縣大同鄉,46.3
臺東縣大武鄉,46.2
嘉義縣東石鄉,46.2
苗栗縣通霄鎮,46.2
新北市三芝區,46.2
臺南市關廟區,46.2
臺中市后里區,46.2
彰化縣和美鎮,46.1
彰化縣田尾鄉,46.1
新北市貢寮區,46.1
高雄市彌陀區,46.1
嘉義縣竹崎鄉,46.0
彰化縣溪州鄉,46.0
雲林縣林內鄉,45.9
臺南市龍崎區,45.9
彰化縣花壇鄉,45.8
彰化縣永靖鄉,45.8
臺南市楠西區,45.8
高雄市六龜區,45.7
屏東縣新埤鄉,45.6
彰化縣芳苑鄉,45.6
臺南市北門區,45.6
雲林縣大埤鄉,45.5
屏東縣車城鄉,45.4
彰化縣鹿港鎮,45.4
高雄市茂林區,45.3
南投縣魚池鄉,45.2
苗栗縣苑裡鎮,45.2
宜蘭縣南澳鄉,45.2
高雄市田寮區,45.1
臺南市左鎮區,45.1
彰化縣芬園鄉,45.0
彰化縣埔心鄉,45.0
屏東縣滿州鄉,44.9
新北市萬里區,44.9
高雄市杉林區,44.9
臺東縣海端鄉,44.8
高雄市旗津區,44.8
苗栗縣卓蘭鎮,44.7
花蓮縣壽豐鄉,44.6
彰化縣福興鄉,44.6
南投縣水里鄉,44.5
高雄市內門區,44.5
臺南市七股區,44.3
南投縣信義鄉,44.2
臺南市將軍區,44.1
屏東縣泰武鄉,44.0
臺中市神岡區,43.9
澎湖縣西嶼鄉,43.8
彰化縣埔鹽鄉,43.8
臺東縣延平鄉,43.7
新北市金山區,43.7
新北市平溪區,43.3
新北市石門區,43.3
雲林縣口湖鄉,43.2
臺東縣成功鎮,42.9
彰化縣伸港鄉,42.8
花蓮縣瑞穗鄉,42.5
花蓮縣富里鄉,42.5
南投縣中寮鄉,42.5
彰化縣線西鄉,42.4
花蓮縣卓溪鄉,41.9
高雄市茄萣區,41.9
花蓮縣光復鄉,41.6
南投縣國姓鄉,41.6
高雄市甲仙區,41.1
臺東縣東河鄉,41.0
屏東縣春日鄉,40.0
臺東縣長濱鄉,39.4
花蓮縣秀林鄉,38.6
花蓮縣豐濱鄉,37.5
花蓮縣萬榮鄉,36.2
屏東縣來義鄉,34.8
