city,district,facility_name,x_coordinate,y_coordinate
基隆市,仁愛區,三友煤氣行,324931.53800000035,2779659.7270000004
基隆市,仁愛區,三興宮,324300.22831093456,2779527.85396078
基隆市,仁愛區,天王宮,325789.98804786976,2779772.28398274
基隆市,仁愛區,天澤宮,325549.62509372307,2779412.40001911
基隆市,仁愛區,天濟宮,325942.2030976572,2779794.89483232
基隆市,仁愛區,太乙宮,324932.5840347415,2780104.95400611
基隆市,仁愛區,木山殯儀有限公司,324341.38099999994,2779981.453
基隆市,仁愛區,代明宮,324558.35915299226,2780301.29252119
基隆市,仁愛區,古今葬儀社,324890.4390000012,2779832.4919999996
基隆市,仁愛區,台灣中油成功一路站加油站,324373.06900000025,2780029.01
基隆市,仁愛區,台灣中油第一流動站加油站,324353.89099999925,2780061.713
基隆市,仁愛區,台灣國寶殯葬禮儀有限公司,325873.1289999997,2780144.808
基隆市,仁愛區,弘道禮儀企業社,325732.3039999991,2779929.117
基隆市,仁愛區,永生禮儀用品社,324987.54399999965,2778854.109
基隆市,仁愛區,永玖禮儀用品店,324652.65900000033,2780008.578
基隆市,仁愛區,永龍國際禮儀有限公司,324634.6469999998,2778511.865
基隆市,仁愛區,生暉生命事業有限公司,324820.7109999997,2779925.987
基隆市,仁愛區,光德宮,325172.0795503969,2779508.34456693
基隆市,仁愛區,安阜易事業有限公司,324468.3710000013,2780333.2280000006
基隆市,仁愛區,安然生命禮儀企業社,324890.12500000134,2779844.551
基隆市,仁愛區,成功禮儀用品有限公司,324813.96199999965,2780002.029
基隆市,仁愛區,佛心觀音巖,325653.4880742523,2778860.26079366
基隆市,仁愛區,佛教居士林,325114.5615314601,2780031.7971784705
基隆市,仁愛區,協安宮,325549.62509372307,2779412.40001911
基隆市,仁愛區,卓越生命事業股份有限公司,325864.9890000013,2780117.836
基隆市,仁愛區,尚霖企業社,325102.9400000011,2779625.08
基隆市,仁愛區,易誠禮儀社,324967.7980000002,2779314.4750000006
基隆市,仁愛區,明玄宮,325003.6448294781,2779914.9797022706
基隆市,仁愛區,法王寺,324727.1286657366,2779690.3437186093
基隆市,仁愛區,花都殯葬社,324955.9290000001,2780142.162
基隆市,仁愛區,金衡葬儀社,324946.6960000001,2778734.0209999997
基隆市,仁愛區,冠紘有限公司,324930.0770000009,2779764.696
基隆市,仁愛區,南天宮,325018.6091539033,2779433.54871993
基隆市,仁愛區,南榮宮,324922.8799136779,2779911.1542056696
基隆市,仁愛區,宥登企業社,324804.89599999954,2779574.3130000005
基隆市,仁愛區,紅淡山龍珠山福德宮,325018.6091539033,2779433.54871993
基隆市,仁愛區,茂發煤氣行,324580.8100000009,2780029.0149999997
基隆市,仁愛區,悟玄宮,326053.53340576356,2779836.50560195
基隆市,仁愛區,財團法人台灣省基隆市樂仙宮,324966.7799599893,2779064.99744389
基隆市,仁愛區,基隆二次變電所,325349.7800000012,2780068.656
基隆市,仁愛區,基隆市立南榮公墓,324705.6470000003,2778464.1770000006
基隆市,仁愛區,基隆市立殯葬管理所-火化場,324797.30399999896,2778309.098
基隆市,仁愛區,基隆市立殯葬管理所-納骨塔,324705.6470000003,2778464.1770000006
基隆市,仁愛區,基隆市立殯葬管理所-殯儀館,324945.8929999992,2779660.568
基隆市,仁愛區,基隆金寶塔,325411.92400000046,2778737.0660000006
基隆市,仁愛區,基隆護國城隍廟,324678.2102730541,2780472.45513413
基隆市,仁愛區,啟化講堂,324067.78351180395,2779543.0668460103
基隆市,仁愛區,梵音寺,325489.85403749463,2779784.5602582
基隆市,仁愛區,頂恩生命禮儀社,324700.38599999994,2780001.446
基隆市,仁愛區,奠濟宮,324946.7537087668,2780186.3759635002
基隆市,仁愛區,景山岩廟,325017.8059850835,2779439.6714916504
基隆市,仁愛區,朝棟里南山福德宮,324134.04346047714,2780091.2829379295
基隆市,仁愛區,順安宮,325025.35598775296,2779326.25429264
基隆市,仁愛區,慈昇企業社,325068.3780000005,2779682.4500000007
基隆市,仁愛區,慈修宮,325107.8876218671,2780125.78124208
基隆市,仁愛區,照善寺,326045.8668345343,2779831.60323603
基隆市,仁愛區,獅球嶺平安宮,323981.08384093526,2779639.78507904
基隆市,仁愛區,裕豐液化煤氣行,325709.8579999993,2780149.75
基隆市,仁愛區,福安宮,325850.99048552377,2779870.8705974794
基隆市,仁愛區,福安宮,324992.82323539804,2780063.66318703
基隆市,仁愛區,福德宮,324834.5109011113,2780170.75701462
基隆市,仁愛區,銅陵關聖帝君廟,324309.0662316274,2779741.08620434
基隆市,仁愛區,閩南檺林宮,324438.14604432817,2780336.34098844
基隆市,仁愛區,德厚宮,324638.37665686005,2779599.4276626795
基隆市,仁愛區,慶安宮,324698.9972398581,2780329.74207391
基隆市,仁愛區,蓮法寺,325719.0698925782,2780072.75642329
基隆市,仁愛區,龍泉宮,325103.0386791076,2778913.20253746
基隆市,仁愛區,龍華堂,324639.681338947,2779080.94750407
基隆市,仁愛區,鴻惠禮儀社,324823.4189999997,2778587.723
基隆市,仁愛區,嚴放寺,324696.0299154229,2779749.1208312004
基隆市,仁愛區,寶明寺,325242.7131476123,2778840.02496301
基隆市,信義區,上天生命禮儀有限公司,326653.76100000064,2780033.4919999996
基隆市,信義區,仁美禮儀用品鮮花店,326732.78099999967,2780125.561
基隆市,信義區,天元禮儀社,329469.8999999994,2779739.9900000007
基隆市,信義區,台北聖城,330023.88099999947,2778979.774
基隆市,信義區,台塑石化全國深澳坑加油站,328680.60899999907,2780248.8949999996
基隆市,信義區,台灣中油東明路站加油站,326514.1890000013,2780162.918
基隆市,信義區,台灣中油深澳加油站,328575.39600000036,2780251.37
基隆市,信義區,正明淨寺,326280.2136648401,2780711.8545541
基隆市,信義區,永隆煤氣行,326676.9599999999,2780136.5
基隆市,信義區,光復禮儀有限公司,328555.5489999995,2780178.33
基隆市,信義區,兆承葬儀店,325398.7930000005,2780368.169
基隆市,信義區,宏恩生命禮儀社,327824.3900000009,2781104.839
基隆市,信義區,京晏生命禮儀企業社,328156.2099999996,2780807.9300000006
基隆市,信義區,承忠有限公司,326763.92,2780153.682
基隆市,信義區,明月寺,326202.90936971677,2780091.0927496906
基隆市,信義區,明德宮,327218.6533142536,2780334.5143150296
基隆市,信義區,東明瑤池宮,326990.9375275383,2779787.47750071
基隆市,信義區,金鳳宮,327648.6787226861,2781017.72011068
基隆市,信義區,雨天能源有限公司,326892.46000000136,2780121.4519999996
基隆市,信義區,指玄宮,326433.5820513828,2780390.2965972596
基隆市,信義區,星皇禮儀服務有限公司,328221.19600000064,2781274.609
基隆市,信義區,美地生命禮儀社,328320.2500000008,2780630.41
基隆市,信義區,郁真生命禮儀企業社,327322.45599999983,2779943.106
基隆市,信義區,財團法人台灣省基隆市濟安宮,326003.223304636,2780578.67436155
基隆市,信義區,財團法人台灣省基隆市靈泉禪寺,327082.34526501794,2778863.2062760997
基隆市,信義區,財團法人基隆極樂寺,325352.90453030105,2780478.4999001194
基隆市,信義區,國功宮,327773.05328639457,2780928.21231701
基隆市,信義區,基深宮,329137.45040884556,2780073.40609413
基隆市,信義區,基隆市佛教蓮社,326987.4428807332,2780405.0404189005
基隆市,信義區,朝順葬儀社,326108.68100000045,2780139.242
基隆市,信義區,黃震宇風水命理工作坊,328612.570000001,2780101.6
基隆市,信義區,慈幸宮,326191.4807050678,2780345.83663719
基隆市,信義區,慈淨寺,326422.7549389312,2779715.3960670894
基隆市,信義區,慈善寺,328435.24589923123,2781898.0096608796
基隆市,信義區,極樂寺,325352.90453030105,2780478.4999001194
基隆市,信義區,楞嚴寺,326486.7379378691,2780377.9183426597
基隆市,信義區,萬嚴生命禮儀企業社,328117.2800000011,2780606.52
基隆市,信義區,聖達生命禮儀社,326363.9719999999,2780076.8310000002
基隆市,信義區,道玄宮,325853.723296824,2780760.60004843
基隆市,信義區,福光寺,328006.7226131381,2780294.00679407
基隆市,信義區,福海宮,328074.9566000227,2781408.07924175
基隆市,信義區,福祿二次變電所,328566.07199999894,2781183.271
基隆市,信義區,擁恆文創園區,326888.4870000011,2778777.602
基隆市,信義區,興隆寺,325605.1845917035,2780629.48829109
基隆市,信義區,靜修禪寺,326897.2867223583,2780565.9513962
基隆市,信義區,龍園殯儀用品社,326902.3799999989,2780143.6819999996
基隆市,信義區,麗旭宮,327140.5954303731,2780125.11163263
基隆市,信義區,寶光寺,329425.2718192126,2779929.7191776196
基隆市,信義區,靈山宮,326240.46181362245,2780803.75135575
基隆市,中正區,八斗公萬善祠,330296.8747875866,2781905.9194216705
基隆市,中正區,三元殯葬禮儀企業社,329360.96300000034,2780948.1789999995
基隆市,中正區,千峯國際禮儀社,329438.9130000008,2781207.438
基隆市,中正區,大和宮,325965.7120899491,2781233.86643954
基隆市,中正區,大眾爺,330581.7151498002,2779793.90118973
基隆市,中正區,中正慈惠堂,325815.61440863984,2780834.3367871195
基隆市,中正區,中恩生命禮儀有限公司,326787.10099999956,2782364.7960000006
基隆市,中正區,天后宮,327289.1512581864,2783226.3421492693
基隆市,中正區,天聖宮,327420.2751751703,2782353.2148521906
基隆市,中正區,天德宮,327398.96253241424,2782583.6050507305
基隆市,中正區,天顯宮,327585.8563592909,2783397.69491507
基隆市,中正區,夫子廟,325783.8086347888,2781157.6345713395
基隆市,中正區,方圓禮儀服務社,326837.9709999994,2782362.205
基隆市,中正區,北祥二次變電所,327851.5139999997,2782748.49
基隆市,中正區,台塑石化台亞基隆中正路加油站,325146.66399999976,2780811.781
基隆市,中正區,台灣中油中正三路站加油站,327364.479000001,2782788.5550000006
基隆市,中正區,台灣中油祥豐街站加油站,327189.83100000053,2781834.578
基隆市,中正區,正安宮,328609.17073306756,2782551.6741904
基隆市,中正區,永孚煤氣有限公司,330280.72300000116,2781498.6320000007
基隆市,中正區,光明配電變電所,329548.98800000094,2781892.5519999997
基隆市,中正區,吉林禮儀有限公司,325462.17400000105,2780788.551
基隆市,中正區,名山宮,326155.99330508534,2780912.7230685
基隆市,中正區,百善生命禮儀有限公司,327641.6680000007,2782800.1050000004
基隆市,中正區,協興煤氣行,327320.7990000006,2783164.784
基隆市,中正區,東山夫子宮,327032.2263950616,2781870.7607475393
基隆市,中正區,東明寺,325843.24474186136,2781260.0158862495
基隆市,中正區,東陵武聖廟,326794.3654806026,2781489.10359696
基隆市,中正區,松湖宮,326179.14142638433,2781312.6015042397
基隆市,中正區,泳承禮儀企業社,329143.4650000001,2781022.509
基隆市,中正區,社靈廟,327143.3327737951,2783168.0440548398
基隆市,中正區,信成和有限公司,326767.6100000007,2782075.8870000006
基隆市,中正區,度天宮,330366.6690742818,2781941.61658615
基隆市,中正區,盼望基督教生命禮儀服務社,329209.5750000003,2781170.578
基隆市,中正區,恩億禮儀有限公司,326764.15099999995,2781609.7880000006
基隆市,中正區,恩澤生命禮儀有限公司,327199.90700000036,2782666.552
基隆市,中正區,浮雲寺,327215.4045479768,2783209.23137386
基隆市,中正區,真慈生命禮儀社,329125.5100000009,2781031.27
基隆市,中正區,草山福德宮,330516.2398689373,2780586.6798733105
基隆市,中正區,財團法人台灣省基隆市大佛禪院,325715.3914769291,2780733.6301559596
基隆市,中正區,財團法人台灣省基隆市慈安宮,325370.1873788917,2780691.7803914
基隆市,中正區,基隆市哨船頭福德宮,325532.3766511469,2780994.60396393
基隆市,中正區,基隆煤氣行,327202.35999999923,2783194.504
基隆市,中正區,御聖宮,329855.8212121087,2781424.7595371203
基隆市,中正區,御嘉生命禮儀企業社,326880.66099999903,2781745.768
基隆市,中正區,景泰禮儀企業社,327020.15500000026,2781787.3930000006
基隆市,中正區,紫竹巖,325814.4274286748,2781185.27209507
基隆市,中正區,順勝煤氣有限公司,327095.928999999,2781796.4160000007
基隆市,中正區,慈惠花店禮儀社,327160.27100000053,2783168.964
基隆市,中正區,萬天生命禮儀企業社,326854.02099999983,2782364.325
基隆市,中正區,萬安堂,330310.12722633244,2781355.38663095
基隆市,中正區,聖平宮,327490.00266946695,2782536.37344977
基隆市,中正區,聖念生命禮儀有限公司,329344.24417704873,2781073.22225765
基隆市,中正區,聖濟宮,326025.0091331366,2781223.21105992
基隆市,中正區,壽玉宮,326459.07685990905,2781466.29701997
基隆市,中正區,福安宮,326778.25425724394,2781753.7516479404
基隆市,中正區,福林宮,329915.40418813383,2781627.732542
基隆市,中正區,福長宮,330881.48537016276,2781784.93723723
基隆市,中正區,福泉庵,329554.64322987397,2781751.9657032494
基隆市,中正區,福清宮,330248.3730098682,2781521.09271559
基隆市,中正區,福惠宮,330296.8747875866,2781905.9194216705
基隆市,中正區,福德宮,327456.7829698508,2783101.15961722
基隆市,中正區,鳳煌生命禮儀社,327598.8189999999,2781957.007
基隆市,中正區,蓮友企業社,325448.90099999995,2781094.276
基隆市,中正區,龍德禮儀服務社,325121.93999999925,2780753.8790000007
基隆市,中正區,覺修宮,325481.7255327151,2780972.1380028604
基隆市,中正區,园儂億生命禮儀有限公司,327153.190000001,2782407.095
基隆市,中山區,三千宮,324440.8203621162,2780972.31676554
基隆市,中山區,千佛禪寺,324422.6499805519,2781059.2658603396
基隆市,中山區,大德山楊府廟,324553.6654384145,2781157.59616742
基隆市,中山區,五王宮,324283.1955996939,2780392.7516003805
基隆市,中山區,仁義宮,325202.95420681016,2782273.36703964
基隆市,中山區,太平宮,324474.9602458741,2780778.96858455
基隆市,中山區,心安生命事業有限公司,324430.55599999975,2781494.828
基隆市,中山區,王爺廟,325361.72475169983,2782079.8654356403
基隆市,中山區,代天宮,322418.4971903733,2782516.2231261497
基隆市,中山區,仙洞二次變電所,325234.4240000002,2781686.5580000007
基隆市,中山區,仙洞巖佛寺,325440.34368830756,2782052.20077906
基隆市,中山區,台灣中油北基中和路加油站,322820.16200000036,2782006.009
基隆市,中山區,台灣中油北基基隆加油站,323186.281,2782198.507
基隆市,中山區,台灣中油台莊基隆加油站,324245.2129999994,2782869.0719999997
基隆市,中山區,台灣中油西定路站加油站,323916.8780000006,2781061.7909999997
基隆市,中山區,外港二次變電所,325027.2260000007,2782874.2450000006
基隆市,中山區,永順殯葬禮儀墓園設計社,324279.556,2780383.3420000006
基隆市,中山區,永源煤氣行,324703.58699999884,2781098.441
基隆市,中山區,玄龍宮,324969.8765265421,2782411.52663871
基隆市,中山區,安樂二次變電所,323919.7380000008,2780994.7109999997
基隆市,中山區,有恒生命禮儀企業社,324251.22700000013,2780372.352
基隆市,中山區,協安宮,323875.34109122626,2783524.27775562
基隆市,中山區,協德廟,323991.20543559355,2783434.90158348
基隆市,中山區,財團法人台灣省基隆市福安宮,323305.7273807078,2781605.06926085
基隆市,中山區,軒轅教基隆神宮,323248.5802424174,2781931.40402863
基隆市,中山區,基隆太白莊福德宮,325017.41732542624,2782996.62188161
基隆市,中山區,基隆仙洞福德宮,325426.4198792364,2782066.0682356297
基隆市,中山區,基隆市中山區協和宮,324310.45611984207,2782724.8303559306
基隆市,中山區,基隆后天宮,324230.09482108214,2780818.40758645
基隆市,中山區,基隆金斗公廟,324252.84324083646,2780738.2443254897
基隆市,中山區,基隆禮儀用品社,323979.67799999943,2780938.6799999997
基隆市,中山區,崇德禮儀服務社,322820.1810000009,2781764.1090000006
基隆市,中山區,梵宇天閣禮儀服務股份有限公司,324666.50500000047,2781243.626
基隆市,中山區,梧桐煤氣有限公司,324488.4070000012,2780746.72
基隆市,中山區,混元宮,323601.7389437151,2781351.4390241303
基隆市,中山區,通淮宮,324161.2364260359,2780889.44550865
基隆市,中山區,新安宮,324213.57522979163,2780603.02038868
基隆市,中山區,新朝宮,324391.71931916487,2781509.9743690207
基隆市,中山區,聖安宮,325343.6083320081,2781878.6230814997
基隆市,中山區,福民宮,324258.460001216,2781682.07539269
基隆市,中山區,福安宮,324691.59920558496,2781116.51900412
基隆市,中山區,福德宮,323877.7976862587,2781090.73424557
基隆市,中山區,福德宮,323523.1468176422,2783365.17264753
基隆市,中山區,福興宮,324436.3257991958,2782214.84757069
基隆市,中山區,德安宮,325060.49815866136,2782438.64849665
基隆市,中山區,德和宮,323204.70025601576,2782222.94889806
基隆市,中山區,德昌煤氣行,324688.6520000001,2781196.3450000007
基隆市,中山區,獨山宮,323448.36832696624,2783396.0380929303
基隆市,中山區,鎮安宮,324398.19007821725,2782155.0569487102
基隆市,中山區,靈靖宮,323942.06151824375,2782288.42316289
基隆市,安樂區,三民里福德宮,322675.89873481344,2779691.91068191
基隆市,安樂區,大武崙變電所,320625.74900000053,2782044.296
基隆市,安樂區,大靈宮,320731.7642263031,2781885.9618802206
基隆市,安樂區,五十人公祠,323507.486733703,2778719.19845143
基隆市,安樂區,五顯宮,323828.00429518265,2781051.5878465194
基隆市,安樂區,王福宮,321249.770137093,2784471.7999510905
基隆市,安樂區,北巡五府玄德宮,320608.35962023487,2783872.4237357606
基隆市,安樂區,台塑石化台亞武嶺加油站,321131.9499999994,2781640.51
基隆市,安樂區,台塑石化台亞麥金加油站,322769.341,2780952.12
基隆市,安樂區,台塑石化全國新城加油站,322522.3710000004,2780457.5029999996
基隆市,安樂區,台塑石化統一基隆一加油站,321101.9190000009,2781646.331
基隆市,安樂區,台灣中油大武崙站加油站,320643.0179999994,2782345.183
基隆市,安樂區,台灣中油安樂站加油站,322488.6789999996,2779966.4300000006
基隆市,安樂區,台灣中油泉益大武崙加油站,320533.1999999996,2782406.08
基隆市,安樂區,台灣中油泉益加油站,323201.4820000001,2778994.561
基隆市,安樂區,田都元帥廟,323576.2725857454,2781081.70472317
基隆市,安樂區,吉宏禮儀用品社,323908.6899999989,2780166.041
基隆市,安樂區,安和福德宮,322934.35891597305,2779559.12959877
基隆市,安樂區,安樂區樂一路福德廟,324072.2365264172,2780562.31758411
基隆市,安樂區,侑德禮儀有限公司,322004.321,2779374.316
基隆市,安樂區,定國宮,323767.6982149882,2780964.84604283
基隆市,安樂區,昌隆瓦斯行,320784.9389999996,2781913.1020000004
基隆市,安樂區,武崙二次變電所,320609.62999999884,2782050.4250000003
基隆市,安樂區,恩絃禮儀企業社,322296.87500000105,2779378.552
基隆市,安樂區,財團法人台灣省基隆市海印寺,323367.7363933559,2780377.85322383
基隆市,安樂區,財團法人台灣省基隆市益心堂,323466.86288905016,2780685.1700731507
基隆市,安樂區,財團法人臺灣省基隆市十方大覺禪寺,323377.21128242294,2780475.5167105002
基隆市,安樂區,國家新城福德宮,321918.0566605099,2779980.2976819905
基隆市,安樂區,基隆代天府,323601.67442481936,2779941.55137932
基隆市,安樂區,基隆開基老大公廟,323961.39915695495,2780571.64475713
基隆市,安樂區,康福宮,323309.5356461852,2780184.8501416296
基隆市,安樂區,祥鶴禮儀企業社,323961.3790000002,2780630.0880000005
基隆市,安樂區,第一禮儀社,323878.2910000009,2780116.1850000005
基隆市,安樂區,惠佛生命禮儀有限公司,323833.049,2780477.228
基隆市,安樂區,普陀山通明寺,323196.7934673091,2780261.78361641
基隆市,安樂區,善澤人文有限公司,321852.67999999895,2779996.876
基隆市,安樂區,善澤生命禮儀社,321851.6289999996,2779992.68
基隆市,安樂區,菩提禪寺,323869.8840841606,2780706.3682694095
基隆市,安樂區,圓通寺,323200.36216670286,2781457.02647603
基隆市,安樂區,慈雲寺,323759.5647749462,2780620.4114748705
基隆市,安樂區,準提寺,323506.4656893902,2780759.75542123
基隆市,安樂區,義勇祠,323627.9526130125,2780772.45561086
基隆市,安樂區,嘉仁煤氣有限公司,321766.9949999989,2781489.2360000005
基隆市,安樂區,福定宮,323952.6238050221,2780770.62520463
基隆市,安樂區,福德宮,321579.3770382415,2781763.41784163
基隆市,安樂區,福德宮,320859.3896507813,2781752.46277041
基隆市,安樂區,福慶宮,320298.8948559341,2783031.39692361
基隆市,安樂區,德天宮,323634.03762383875,2780216.8159668
基隆市,安樂區,蓮心禮儀服務社,322920.8310000008,2779315.169
基隆市,安樂區,蓮池生命禮儀社,321522.78299999895,2781924.9609999997
基隆市,安樂區,醒天宮,323700.3976097116,2780465.0094871004
基隆市,安樂區,鴻展生命禮儀有限公司,322051.600999999,2781497.1630000006
基隆市,安樂區,護天宮,323792.8002211893,2780450.2980933394
基隆市,安樂區,鶯歌石萬善祠,322339.6854103755,2780268.1856688596
基隆市,安樂區,鶯歌里福德宮,323295.22392469813,2778842.2875894797
基隆市,暖暖區,大同煤氣行,324249.6960000003,2777867.916
基隆市,暖暖區,中華國寶殯葬禮儀有限公司,326113.378,2776636.413
基隆市,暖暖區,今川禮儀用品社,324522.6580000004,2776474.276
基隆市,暖暖區,王主煤氣行有限公司,324024.9269999992,2778139.6090000006
基隆市,暖暖區,台灣中油八堵加油加氣站,323208.34799999883,2777499.4099999997
基隆市,暖暖區,台灣中油柑園八堵加油站,323288.2279999999,2777738.41
基隆市,暖暖區,台灣中油碇內站加油站,325504.2720000005,2776887.907
基隆市,暖暖區,永念庭生命典藏館,325475.50299999886,2777876.958
基隆市,暖暖區,禾御禮儀社,324131.0769999991,2778399.4209999996
基隆市,暖暖區,地藏庵,324498.8140542021,2778248.35739826
基隆市,暖暖區,君唯有限公司,324018.0429999997,2778151.646
基隆市,暖暖區,秀泰企業有限公司,326188.00899999996,2776953.7570000007
基隆市,暖暖區,東安宮,326144.43847096123,2774584.52633627
基隆市,暖暖區,東興廟,324500.65279983747,2776505.2913836
基隆市,暖暖區,金山寺,324686.6574698312,2777109.51948729
基隆市,暖暖區,金壽禮儀用品有限公司,324254.8420000008,2778223.1509999996
基隆市,暖暖區,金寶數位科技禮儀有限公司,324173.63499999954,2776402.896
基隆市,暖暖區,威德廟,324291.81119946373,2777404.21128801
基隆市,暖暖區,建興介壽用品社,324183.2490000008,2776928.276
基隆市,暖暖區,指修宮,324136.5939338691,2778069.11471194
基隆市,暖暖區,財團法人台灣省基隆市海會寺,324458.40236768144,2778180.52605487
基隆市,暖暖區,御安生命禮儀有限公司,323801.5760000012,2777999.049
基隆市,暖暖區,逸遊人間禮儀服務有限公司,323801.5760000012,2777999.049
基隆市,暖暖區,慈明寺,324900.14773307345,2777750.0314832004
基隆市,暖暖區,慈福宮,323092.8718781025,2777119.6782952393
基隆市,暖暖區,暖暖二次變電所,324143.48400000134,2777648.643
基隆市,暖暖區,暖暖安德宮,324494.61592173285,2777187.06477039
基隆市,暖暖區,暖暖聖道院,325611.2007225614,2777745.93206631
基隆市,暖暖區,暖暖過港福德宮,324294.2169413876,2777668.5380580993
基隆市,暖暖區,睿閎生命禮儀有限公司,324390.8410000005,2776589.3789999993
基隆市,暖暖區,福田妙國生命禮儀有限公司,326133.96100000065,2776123.9920000006
基隆市,暖暖區,福安宮,323940.83035351214,2778268.3454975006
基隆市,暖暖區,福東宮,324297.5232510695,2778190.8451904096
基隆市,暖暖區,福德宮,324023.8712494001,2776580.86692399
基隆市,暖暖區,福德宮,325756.18923220586,2775058.38193721
基隆市,暖暖區,福興宮,324334.110747488,2776985.6815042505
基隆市,暖暖區,銘望生命禮儀企業行,325880.0259999995,2776022.4359999998
基隆市,暖暖區,蓮品禮儀用品社,324257.6630000003,2778255.884
基隆市,暖暖區,興隆宮,325212.7587699791,2777437.1550082495
基隆市,七堵區,七堵福安宮,321642.9505951139,2776553.77234209
基隆市,七堵區,七堵福德宮,322207.2719301876,2776947.19812399
基隆市,七堵區,七堵慶濟宮,321887.44865874643,2776596.68242366
基隆市,七堵區,八堵一次變電所,322528.48499999894,2777228.6339999996
基隆市,七堵區,于源有限公司,321191.3259999992,2775838.9469999997
基隆市,七堵區,大德廟,319603.7114326663,2775022.2025235104
基隆市,七堵區,中股福德宮,320478.6887601163,2779358.99516481
基隆市,七堵區,中埔福德宮,319875.1994152479,2774911.19072995
基隆市,七堵區,五台殿,321984.6530952265,2776551.55904184
基隆市,七堵區,六堵二次變電所,320580.63500000094,2776182.353
基隆市,七堵區,六堵嶺頭福德宮,320971.32872831397,2775773.59205947
基隆市,七堵區,友蚋清水岩,317359.17402313504,2776002.4569916297
基隆市,七堵區,天使宮,318248.57761578646,2775591.50813796
基隆市,七堵區,北基花園墓園,319650.3519999992,2778855.9719999996
基隆市,七堵區,台塑石化台亞明德加油站,321643.4019999999,2776595.365
基隆市,七堵區,台塑石化全國七堵加油站,321188.162999999,2776516.3479999998
基隆市,七堵區,台灣中油八德路站加油站,322736.9879999993,2777211.313
基隆市,七堵區,台灣中油六堵站加油站,321043.304,2775248.021
基隆市,七堵區,台灣中油北基五堵交流道加油站,318958.3480000012,2774310.029
基隆市,七堵區,台灣中油百福加油站,319088.4690000004,2775091.223
基隆市,七堵區,安順瓦斯行,320281.6250000013,2775394.552
基隆市,七堵區,自強里水尾福德廟,321854.3437891593,2777182.8114454104
基隆市,七堵區,自強里水頭福德廟,321713.01691499766,2778885.2014183607
基隆市,七堵區,妙法蓮華寺,319484.1146110918,2778099.0889079203
基隆市,七堵區,良一液化煤氣行,320305.0359999992,2775277.995
基隆市,七堵區,欣欣安樂園,318044.3470000006,2780033.9949999996
基隆市,七堵區,欣欣金陵寶塔,318044.3470000006,2780033.9949999996
基隆市,七堵區,法嚴寺,322782.676298313,2776700.52605269
基隆市,七堵區,振亞煤氣行,321752.8839999993,2776658.063
基隆市,七堵區,泰山巖,317664.00311570056,2776453.5678848196
基隆市,七堵區,草濫清水巖,321731.61586956395,2775645.31085388
基隆市,七堵區,基隆六堵代天府,320824.578526881,2776022.35021205
基隆市,七堵區,清湶寺,321567.4400278344,2779206.85008444
基隆市,七堵區,頂圳福德宮,320969.066633974,2776207.97188067
基隆市,七堵區,翔好瓦斯行,322262.5210000011,2777272.49
基隆市,七堵區,雲義山帝君廟,321150.22816526936,2778211.6431031004
基隆市,七堵區,慈鳳宮,320979.26143690187,2776171.47353622
基隆市,七堵區,源原能源有限公司,322021.3200000007,2776942.0969999996
基隆市,七堵區,萬臻生命禮儀企業社,321070.79300000076,2775689.492
基隆市,七堵區,聖母宮,320215.44481867383,2774302.76422469
基隆市,七堵區,聖安慈惠堂,317008.40265396016,2779565.84443866
基隆市,七堵區,榮鴻企業社,320424.03400000045,2775617.2879999997
基隆市,七堵區,瑪西里仙洞湖福德宮,318659.81909349124,2779355.40185644
基隆市,七堵區,瑪西里面桶寮福德宮,316704.34182738524,2781792.7135452
基隆市,七堵區,瑪南里大埔福德宮,319813.5567165874,2777928.79214396
基隆市,七堵區,瑪南里福興宮,320580.254595728,2777131.7812833
基隆市,七堵區,瑪陵坑南聖宮,320581.0230191458,2777131.9965449506
基隆市,七堵區,福安宮,321450.65925039613,2776798.1672858302
基隆市,七堵區,福明殿,317239.3561966874,2775797.9817287796
基隆市,七堵區,福基國際生命禮儀企業社,320331.2949999997,2773919.79
基隆市,七堵區,福源宮,317145.9601685337,2776946.6644276
基隆市,七堵區,福祿壽禮儀品社,322306.55899999884,2776909.365
基隆市,七堵區,福德宮,322523.1049122555,2776454.05609783
基隆市,七堵區,福德宮,323345.492806548,2778366.54062682
基隆市,七堵區,福德宮,316923.6940000006,2779585.3300000005
基隆市,七堵區,福德宮,315352.4613163912,2780089.57913315
基隆市,七堵區,福德宮,317177.08094970236,2777189.9995037
基隆市,七堵區,福德宮,319950.34081874404,2780509.86094565
基隆市,七堵區,福德宮,320104.77555990004,2779952.24115071
基隆市,七堵區,福德宮,319300.1460582041,2778262.52703193
基隆市,七堵區,福興宮,320348.6639817678,2778911.25288767
基隆市,七堵區,蓉恩生命企業社,321201.0539999992,2775895.6859999998
基隆市,七堵區,遠方國際禮儀有限公司,320458.51800000045,2775421.2960000006
基隆市,七堵區,廣雲宮,317026.41515936574,2778720.3943688907
基隆市,七堵區,蓮昇禮儀社,322125.1949999995,2776698.4839999997
基隆市,七堵區,靜修寺,317059.8426169066,2777401.12296482
基隆市,七堵區,龍安宮,317077.43765037094,2779140.24582484
基隆市,七堵區,鴻安禮儀企業社,320369.4900000004,2775137.625
基隆市,七堵區,禮鈺生命有限公司,322308.05399999965,2776853.8619999997
基隆市,七堵區,靈台山靈玄宮,316547.39988021145,2779593.5838085
基隆市,七堵區,靈惠廟,322271.59314779687,2775992.1279899897
基隆市,七堵區,衜竹寺,314674.8143136756,2781350.2088028905
臺北市,中正區,二二八公園福德宮,301876.3996130295,2770411.8692496796
臺北市,中正區,上品蓮佛教禮儀有限公司,302870.96799999947,2770848.799
臺北市,中正區,中華煤氣有限公司,302282.5600000012,2768819.5810000002
臺北市,中正區,文山人和有限公司,301516.4799840716,2770826.4836695106
臺北市,中正區,代坤國際有限公司,301503.13599999953,2770821.095
臺北市,中正區,古亭二次變電所,302425.60402607,2768988.9195357305
臺北市,中正區,台灣中油汀州路加油站,303077.7379999993,2768172.02
臺北市,中正區,台灣中油林森北路站加油站,302871.17899999896,2770959.6570000006
臺北市,中正區,台灣中油莒光路站加油站,301196.3000000006,2769354.6180000002
臺北市,中正區,正新生命禮儀有限公司,301503.13599999953,2770821.095
臺北市,中正區,光華寺,302027.5484580288,2768526.0062929597
臺北市,中正區,名揚禮儀社,301503.13599999953,2770821.095
臺北市,中正區,安晉人本股份有限公司,301954.7050000004,2770950.848
臺北市,中正區,西方蓮禮儀有限公司,302870.96799999947,2770848.799
臺北市,中正區,佛心生命禮儀企業社,301503.13599999953,2770821.095
臺北市,中正區,辛亥殯儀股份有限公司,301503.13599999953,2770821.095
臺北市,中正區,和信禮儀有限公司,301503.13599999953,2770821.095
臺北市,中正區,和苑禮儀有限公司,301503.13599999953,2770821.095
臺北市,中正區,忠誠液化煤氣有限公司,301117.3150000011,2769063.933
臺北市,中正區,芝卉禮儀企業社,301503.13599999953,2770821.095
臺北市,中正區,長慶廟,302664.58913022856,2768659.4337052107
臺北市,中正區,阜祐事業有限公司,301954.7050000004,2770950.848
臺北市,中正區,南海配電變電所,302107.2289999996,2769401.721
臺北市,中正區,品方禮儀有限公司,301503.13599999953,2770821.095
臺北市,中正區,城中一次變電所,301538.9551915978,2770320.2420673594
臺北市,中正區,財團法人台北市十普寺,302760.7773151421,2768675.01615244
臺北市,中正區,財團法人台北市東和禪寺,302730.83308938885,2770249.08178724
臺北市,中正區,財團法人台北市南福宮,302306.5631630363,2768856.01970903
臺北市,中正區,財團法人台北市淨土宗善導寺,302958.66064215923,2770860.74902793
臺北市,中正區,財團法人台北市華嚴蓮社,303551.8856358146,2770358.33428182
臺北市,中正區,財團法人台北市聖靈寺,303278.9983886885,2767879.47822397
臺北市,中正區,財團法人台北市臺灣省城隍廟,301740.40523856506,2770745.58429088
臺北市,中正區,國倫液化煤氣有限公司,301024.5419999989,2769068.1399999997
臺北市,中正區,常德配電變電所,302612.11968872626,2770369.23833669
臺北市,中正區,笙華生命美學有限公司,302025.58000000083,2770880.7169999997
臺北市,中正區,通法寺,302174.5139999997,2768762.938
臺北市,中正區,陽明生命美學有限公司,301876.63500000007,2771042.679
臺北市,中正區,塔木德科技有限公司,301855.32799999893,2770642.985
臺北市,中正區,新生園生命禮儀有限公司,302025.58000000083,2770880.7169999997
臺北市,中正區,新富町葬式有限公司,301503.13599999953,2770821.095
臺北市,中正區,萬善禮儀社,301503.13599999953,2770821.095
臺北市,中正區,蓮雲禪苑,303708.65076188836,2770041.19722253
臺北市,中正區,澤霖生命禮儀有限公司,301503.13599999953,2770821.095
臺北市,中正區,藤香禮儀有限公司,301503.13599999953,2770821.095
臺北市,中正區,寶藏巖,303811.30473745137,2767042.1831642496
臺北市,中正區,耀恩生命禮儀有限公司,301516.4799840716,2770826.4836695106
臺北市,大同區,大同一次變電所,301594.0713042002,2773980.22784534
臺北市,大同區,大橋頭福德廟,301402.60065871815,2772949.98113478
臺北市,大同區,大龍峒福壽宮,302537.8736679078,2774174.82420838
臺北市,大同區,六福煤氣企業有限公司,301428.33200000116,2773856.333
臺北市,大同區,天建煤氣行,302043.0869999998,2771438.087
臺北市,大同區,北門口福聚宮,301640.9658995999,2771593.25056127
臺北市,大同區,台北協天宮,302067.03718655213,2773314.62033097
臺北市,大同區,台北保仁宮,302216.8088316888,2773801.54092898
臺北市,大同區,台北霞海城隍廟,301466.86002761533,2772035.20652118
臺北市,大同區,台灣中油民權西路站加油站,301880.7279999991,2772828.47
臺北市,大同區,平光寺,302230.45410764695,2774258.1522710295
臺北市,大同區,生誼生命禮儀有限公司,301634.0760000001,2771708.995
臺北市,大同區,佛安生命禮儀有限公司,301772.94600000075,2771866.0920000006
臺北市,大同區,和德祠,301519.60045057966,2771726.73803205
臺北市,大同區,宗和煤氣有限公司,302341.2820000012,2772516.5719999997
臺北市,大同區,易威禮儀鮮花店,301634.0760000001,2771708.995
臺北市,大同區,法主公廟,301449.92182202067,2771831.6883617793
臺北市,大同區,青雲宮,302039.48157379456,2772668.6572687705
臺北市,大同區,品雲生命禮儀有限公司,301625.8651993488,2771709.4436516403
臺北市,大同區,建成二次變電所,302152.9179999987,2772094.552
臺北市,大同區,思懷生命禮儀有限公司,301634.0760000001,2771708.995
臺北市,大同區,茂成事業有限公司,301634.0760000001,2771708.995
臺北市,大同區,真聖堂,301668.60335528455,2772020.1233233195
臺北市,大同區,祠宇媽祖宮,301682.74307548406,2772351.87308534
臺北市,大同區,財團法人台北市天師宮,301553.38066622167,2773381.12170125
臺北市,大同區,財團法人台北市至善堂,301661.22081429337,2772343.5520128002
臺北市,大同區,財團法人台北市金萬成團,302351.5740109972,2772780.7686958597
臺北市,大同區,財團法人台北市普濟寺,301882.3977878698,2771467.40309474
臺北市,大同區,財團法人台北市智仁宮,301421.599289505,2773219.2127789804
臺北市,大同區,財團法人台北市萬和宮,301812.505318836,2774060.28624698
臺北市,大同區,財團法人台北市聖觀寺,302405.98353822465,2771841.6633158
臺北市,大同區,財團法人台北市臺疆樂善壇,301546.0696339785,2771648.4562919606
臺北市,大同區,財團法人台北市醒心宮,301374.3786212286,2772472.40120979
臺北市,大同區,財團法人台北市雙福宮,302373.0840196472,2772390.84346232
臺北市,大同區,財團法人台北市覺修宮,301816.16089150414,2774313.61531782
臺北市,大同區,財團法人台北保安宮,301983.52421887196,2774021.00659253
臺北市,大同區,財團法人台灣佛教道友會,301894.70608402696,2772482.1868901
臺北市,大同區,財團法人軒轅教,302129.7351640283,2772416.95457447
臺北市,大同區,國成煤氣有限公司,301911.32100000075,2773169.14
臺北市,大同區,國泰能源有限公司,301509.81000000023,2772773.5259999996
臺北市,大同區,第一煤氣有限公司,301920.9030000009,2773680.39
臺北市,大同區,翔恩生命股份有限公司,301772.94600000075,2771866.0920000006
臺北市,大同區,翔得國際有限公司,301772.94600000075,2771866.0920000006
臺北市,大同區,菩提講堂,302477.47798332677,2771666.79378171
臺北市,大同區,集大工業社有限公司,301506.6129999989,2772513.214
臺北市,大同區,裕新煤氣行,302069.9090000005,2771431.4070000006
臺北市,大同區,聚豐園生命禮儀有限公司,301469.5880000001,2772578.6120000007
臺北市,大同區,臺北市大龍峒包公廟,302093.9549151458,2774328.1950776
臺北市,大同區,樹人書院文昌祠,301452.5529250372,2773379.68469687
臺北市,大同區,臻藏生活事業有限公司,301634.0760000001,2771708.995
臺北市,大同區,龍峒二次變電所,301674.1642019292,2773953.34875096
臺北市,大同區,龍雲寺,301523.0966055855,2773247.4835643
臺北市,大同區,瞿公真人廟,301737.4165675037,2771737.4915338093
臺北市,大同區,雙連能源有限公司,302497.11,2772492.589
臺北市,大同區,雙連發煤氣有限公司,302148.6459999995,2772415.74
臺北市,大同區,寶田生活事業有限公司,301617.9330000005,2771830.7540000007
臺北市,中山區,一方禮儀有限公司,303156.1840000011,2772335.464
臺北市,中山區,九府仙師廟,302422.0802818303,2772861.74523613
臺北市,中山區,三同煤氣有限公司,304496.41399999906,2772091.367
臺北市,中山區,下塔悠福德爺宮,306148.5541962475,2774519.43227916
臺北市,中山區,上海正義生命服務有限公司,304059.4509999998,2772776.984
臺北市,中山區,久大禮儀用品有限公司,304077.2930000012,2772776.49
臺北市,中山區,大忠宮,303090.3906828282,2774796.2037068293
臺北市,中山區,大直配電變電所,305481.2179999992,2775198.8040000005
臺北市,中山區,大愛生命禮儀有限公司,304024.1470000012,2772777.6400000006
臺北市,中山區,山水禮儀有限公司,304063.52499999886,2773003.486
臺北市,中山區,中山二次變電所,303143.4639999999,2772392.798
臺北市,中山區,中嶽殿,304306.37302913214,2773456.24094841
臺北市,中山區,天佑國際服務事業有限公司,303985.9229999995,2772965.896
臺北市,中山區,天寧葬儀有限公司,304089.3510000012,2772776.154
臺北市,中山區,天端人本禮儀有限公司,304024.1470000012,2772777.6400000006
臺北市,中山區,心立信生命禮儀有限公司,303047.17400000035,2772545.623
臺北市,中山區,方舟國際生命禮儀有限公司,304024.1470000012,2772777.6400000006
臺北市,中山區,月禾禮儀有限公司,303967.2709999991,2772943.268
臺北市,中山區,世合禮儀有限公司,304089.3510000012,2772776.154
臺北市,中山區,世強生命禮儀有限公司,304063.52499999886,2773003.486
臺北市,中山區,冬瓜禮儀有限公司,303952.1850000002,2773007.048
臺北市,中山區,台北市文昌宮,302555.3927730521,2772224.21700698
臺北市,中山區,台北市圓玄學社,303100.98724029656,2772073.57911775
臺北市,中山區,台北市圓明宮,302805.09675512905,2772944.13926118
臺北市,中山區,台北保霞宮,304023.27670746547,2773610.1910326807
臺北市,中山區,台北神德宮,304587.4637093364,2773805.11790255
臺北市,中山區,台安殯儀有限公司,304145.1699999992,2772932.495
臺北市,中山區,台塑石化西歐大直橋站加油站,305250.4919999996,2773917.91
臺北市,中山區,台灣中油大直站加油站,305536.7280000008,2775229.813
臺北市,中山區,台灣中油中崙站加油站,304449.2599999994,2771023.188
臺北市,中山區,台灣中油吉林路站加油站,303494.23799999955,2771523.901
臺北市,中山區,台灣中油陽光建北加油站,304125.24600000016,2773150.401
臺北市,中山區,台灣中油新生北路站加油站,303276.52800000034,2772144.765
臺北市,中山區,台灣中油濱江加油站,304428.0490000006,2773942.4670000006
臺北市,中山區,台灣煤氣股份有限公司,302911.494000001,2772931.929
臺北市,中山區,四四四禮儀家有限公司,303047.17400000035,2772545.623
臺北市,中山區,四平二次變電所,304041.85699999897,2771834.754
臺北市,中山區,平安園禮儀用品有限公司,304089.3510000012,2772776.154
臺北市,中山區,弘願禮儀服務股份有限公司,304089.3510000012,2772776.154
臺北市,中山區,永生花卉有限公司,304114.518,2773068.2270000004
臺北市,中山區,永生禮儀有限公司,304114.518,2773068.2270000004
臺北市,中山區,永再生有限公司,303952.02200000116,2772874.2910000007
臺北市,中山區,永念禮儀有限公司,303057.86540953314,2772549.97576388
臺北市,中山區,永昇禮儀有限公司,304114.518,2773068.2270000004
臺北市,中山區,永欣煤氣有限公司,304718.1630000002,2770860.571
臺北市,中山區,永晟禮儀有限公司,304063.52499999886,2773003.486
臺北市,中山區,永潤禮儀有限公司,303952.02200000116,2772874.2910000007
臺北市,中山區,永豐生命禮儀有限公司,304081.95200000005,2772771.144
臺北市,中山區,永馨禮儀有限公司,303156.1840000011,2772335.464
臺北市,中山區,永譽生命諮詢有限公司,304063.52499999886,2773003.486
臺北市,中山區,永鑫人文服務事業有限公司,302924.6850000001,2772805.4360000007
臺北市,中山區,玉佛山禮儀有限公司,303938.75700000103,2772823.7509999997
臺北市,中山區,立揚興業有限公司,303952.02200000116,2772874.2910000007
臺北市,中山區,立達國際人文開發有限公司,304710.2369999995,2771656.4560000002
臺北市,中山區,光鹽國際事業有限公司,303952.02200000116,2772874.2910000007
臺北市,中山區,全方位管理顧問有限公司,302959.10100000066,2772297.355
臺北市,中山區,同心企業社,303953.99400000117,2772963.852
臺北市,中山區,地藏庵,302519.07780578814,2773859.11109575
臺北市,中山區,安祥能源股份有限公司,302984.2290000012,2771388.4900000007
臺北市,中山區,安祥殯儀有限公司,303967.18600000103,2772937.058
臺北市,中山區,安舜生命禮儀社,304031.02100000065,2772777.5690000006
臺北市,中山區,自在禮儀有限公司,303953.99400000117,2772963.852
臺北市,中山區,甪端精緻生命事業股份有限公司,303510.6519999997,2772671.2819999997
臺北市,中山區,呈信國際企業有限公司,304096.98899999924,2772775.947
臺北市,中山區,宏生禮儀有限公司,304077.2930000012,2772776.49
臺北市,中山區,宏昌殯儀有限公司,303953.99400000117,2772963.852
臺北市,中山區,宏祥生命禮儀有限公司,304096.98899999924,2772775.947
臺北市,中山區,宏達生命事業有限公司,303159.4499999991,2773272.2790000006
臺北市,中山區,辰品人本有限公司,304096.98899999924,2772775.947
臺北市,中山區,卓逸管理顧問有限公司,304710.2369999995,2771656.4560000002
臺北市,中山區,和和生命事業有限公司,304089.3510000012,2772776.154
臺北市,中山區,宗德葬儀禮品有限公司,303963.47730945284,2772938.37758094
臺北市,中山區,彼岸生命禮儀有限公司,303953.99400000117,2772963.852
臺北市,中山區,昌隆煤氣企業有限公司,303464.4460000006,2773175.268
臺北市,中山區,明山寺玄寶殿,305842.2531295173,2775453.06027236
臺北市,中山區,明山寺福天宮,305841.4835341716,2775453.0571195497
臺北市,中山區,松江配電變電所,303325.915999999,2773756.412
臺北市,中山區,金禾生命禮儀有限公司,303953.99400000117,2772963.852
臺北市,中山區,金全生禮儀股份有限公司,304054.862000001,2771219.594
臺北市,中山區,金剛寺,303050.1849908181,2774843.5835516
臺北市,中山區,金寶軒事業股份有限公司,303972.9720000011,2772764.302
臺北市,中山區,長城生命規劃股份有限公司,303047.17400000035,2772545.623
臺北市,中山區,長春配電變電所,304863.67023022997,2771946.8303584
臺北市,中山區,亮益有限公司,303047.17400000035,2772545.623
臺北市,中山區,信毅國際有限公司,303953.99400000117,2772963.852
臺北市,中山區,冠冕生命禮儀有限公司,303952.02200000116,2772874.2910000007
臺北市,中山區,冠寧生命事業有限公司,303047.17400000035,2772545.623
臺北市,中山區,思孝禮儀用品有限公司,303952.02200000116,2772874.2910000007
臺北市,中山區,恆安禮儀有限公司,304033.76599999977,2772777.694
臺北市,中山區,玳瓏事業有限公司,302802.857999999,2771640.935
臺北市,中山區,茂園有限公司,303962.9240000013,2772823.2899999996
臺北市,中山區,首特企業有限公司,303798.6089999998,2771320.1660000007
臺北市,中山區,展辰生命禮儀有限公司,303953.99400000117,2772963.852
臺北市,中山區,展雲幸福事業股份有限公司,303967.18600000103,2772937.058
臺北市,中山區,展雲幸福禮儀股份有限公司,303967.18600000103,2772937.058
臺北市,中山區,展巃人本有限公司,303985.9600000001,2772959.271
臺北市,中山區,恩召生命事業有限公司,303967.2709999991,2772943.268
臺北市,中山區,海德威精緻禮儀服務有限公司,304031.02100000065,2772777.5690000006
臺北市,中山區,益鴻企業有限公司,304063.52499999886,2773003.486
臺北市,中山區,祐暉國際有限公司,303956.32083104656,2772969.80728057
臺北市,中山區,財團法人九府仙師普惠堂,302523.94299992896,2772595.3005345603
臺北市,中山區,財團法人台北市中庄仔福德宮,303614.16224485927,2772536.36972739
臺北市,中山區,財團法人台北市永靜廟,302608.70625352755,2772572.17585467
臺北市,中山區,財團法人台北市朱厝崙福聚宮,304645.1187136538,2771516.4213507804
臺北市,中山區,財團法人台北市妙道院,303354.16635138803,2773079.376706
臺北市,中山區,財團法人台北市景福宮,303015.49291821546,2773274.5396865406
臺北市,中山區,財團法人台北市蓮友念佛團,304680.09212024487,2771433.74262904
臺北市,中山區,財團法人台北市臨濟護國禪寺,302551.68100000045,2773909.271
臺北市,中山區,財團法人台北市雙境廟,303897.03000000055,2772394.055
臺北市,中山區,財團法人台北行天宮,303824.6748034002,2772834.03599305
臺北市,中山區,財團法人劍潭古寺,305290.80025832145,2774985.7993117194
臺北市,中山區,送行者生命事業有限公司,304089.3510000012,2772776.154
臺北市,中山區,埕邑禮儀有限公司,302811.4439999989,2771341.756
臺北市,中山區,國寶服務股份有限公司,304016.89699999907,2772777.909
臺北市,中山區,啟福生命事業有限公司,304063.52499999886,2773003.486
臺北市,中山區,盛業人本有限公司,303799.103749832,2771328.15534485
臺北市,中山區,祥晉生命事業有限公司,303967.2709999991,2772943.268
臺北市,中山區,貫成生命事業有限公司,303952.02200000116,2772874.2910000007
臺北市,中山區,勝利煤氣有限公司,303819.3809999997,2771108.1939999997
臺北市,中山區,敦豊禮儀有限公司,303002.02299999906,2772081.674
臺北市,中山區,景新宮,303387.00411803793,2773736.1396746007
臺北市,中山區,植福宮,305541.0820701249,2774948.78739824
臺北市,中山區,湖捷變電站,306758.1349999992,2774773.472
臺北市,中山區,紫雲禮儀有限公司,303985.9229999995,2772965.896
臺北市,中山區,菩提園殯儀有限公司,304632.9490000012,2773363.362
臺北市,中山區,菁逸國際商務有限公司,304577.46199999936,2771085.946
臺北市,中山區,華捷變電站,302411.3569999999,2771262.52
臺北市,中山區,華陰配電變電所,302515.7499050093,2771295.47829555
臺北市,中山區,詠全禮儀有限公司,303047.17400000035,2772545.623
臺北市,中山區,詠芯生命事業有限公司,303057.86499999894,2772549.976
臺北市,中山區,閎承生命禮儀有限公司,303953.99400000117,2772963.852
臺北市,中山區,傳霖有限公司,304739.5070000005,2771656.975
臺北市,中山區,圓山藥師寺,303281.7989319919,2774855.6841704194
臺北市,中山區,圓通巖,303342.37871954154,2774912.33086817
臺北市,中山區,圓滿人生服務有限公司,303962.9240000013,2772823.2899999996
臺北市,中山區,圓寶展業有限公司,304394.4689999988,2773022.9580000006
臺北市,中山區,慈懷禮儀有限公司,304077.2930000012,2772776.49
臺北市,中山區,新花玉鮮花店,304031.02100000065,2772777.5690000006
臺北市,中山區,新福宮,303090.28238602914,2772252.9073601
臺北市,中山區,煌龍煤氣有限公司,303191.4340000003,2772019.2990000006
臺北市,中山區,萬華人本有限公司,304104.00309280306,2772769.69221451
臺北市,中山區,萬華全生命事業股份有限公司,303429.6250000011,2772321.486
臺北市,中山區,萬榮國際股份有限公司,302666.81099999935,2773118.847
臺北市,中山區,聖安生命科技有限公司,304063.52499999886,2773003.486
臺北市,中山區,聖德生命禮儀有限公司,304063.52499999886,2773003.486
臺北市,中山區,農安二次變電所,302771.4324394124,2773093.1871394403
臺北市,中山區,雋永生命禮儀有限公司,304089.3510000012,2772776.154
臺北市,中山區,榮星配電變電所,304140.1479323515,2772979.5519248
臺北市,中山區,福正宮,302908.7843646542,2774788.7370515205
臺北市,中山區,臺北市立第一殯儀館,304115.27499999927,2772818.7340000006
臺北市,中山區,億隆生命事業股份有限公司,303953.99400000117,2772963.852
臺北市,中山區,廣宸生命事業有限公司,304033.76599999977,2772777.694
臺北市,中山區,德宜方有限公司,306201.11700000026,2774677.166
臺北市,中山區,慧日講堂,304617.04540882126,2771413.84195819
臺北市,中山區,蓮華往生事業股份有限公司,303429.6250000011,2772321.486
臺北市,中山區,璟昇禮儀有限公司,303047.17400000035,2772545.623
臺北市,中山區,錫安生命有限公司,304089.3510000012,2772776.154
臺北市,中山區,黔仁禮儀企業社,302811.4439999989,2771341.756
臺北市,中山區,龍程生命事業有限公司,304096.98899999924,2772775.947
臺北市,中山區,龍毅精緻禮儀企業社,304031.02100000065,2772777.5690000006
臺北市,中山區,龍巖股份有限公司,304019.40499999997,2772777.686
臺北市,中山區,聯辰禮儀有限公司,303952.02200000116,2772874.2910000007
臺北市,中山區,鎮安宮,306975.48613286705,2774444.05719697
臺北市,松山區,中崙配電變電所,305501.8059240681,2771556.08493693
臺北市,松山區,中崙福順宮,305241.59349882894,2771741.9255554406
臺北市,松山區,勻日有限公司,308062.0280000002,2771421.427
臺北市,松山區,台北佛教蓮社,306457.8340454187,2771759.15511006
臺北市,松山區,台北府城隍廟,308138.40015704825,2771385.493786
臺北市,松山區,台塑石化全國撫遠加油站,307528.78799999936,2771864.7419999996
臺北市,松山區,台灣中油民生東路站加油站,306892.3479999988,2772483.906
臺北市,松山區,台灣中油光復北路站加油站,306308.18499999936,2771368
臺北市,松山區,台灣中油松山機場站加油站,305542.383999999,2772844.1360000004
臺北市,松山區,台灣中油復興北路站加油站,304929.0710000009,2771380.288
臺北市,松山區,台灣中油濱江大直橋加油加氣站,305679.4070000007,2773931.643
臺北市,松山區,民生配電變電所,306644.03595836106,2772193.52705776
臺北市,松山區,宜安生命事業股份有限公司,306248.7709999997,2771396.156
臺北市,松山區,松山一次變電所,307500.6430532324,2771745.7176625994
臺北市,松山區,松山水福宮,307704.3803153098,2771527.31849387
臺北市,松山區,松山慈福宮,306961.2151376787,2771409.2651297804
臺北市,松山區,松山福德宮,307928.61185715377,2771477.7736977
臺北市,松山區,松山聚福廟,307543.2642052205,2771397.1279327
臺北市,松山區,松山霞海城隍廟,307536.2280457332,2771422.66235093
臺北市,松山區,法光寺,306145.36783279834,2772301.26051584
臺北市,松山區,財團法人台北市中崙福成宮,305194.92871867365,2770907.42189352
臺北市,松山區,財團法人台北市放生念佛會,305871.3687446332,2770973.5544029
臺北市,松山區,財團法人台北市松山慈祐宮,308289.3246430316,2771557.4801592696
臺北市,松山區,敦化配電變電所,305223.23399999907,2771805.6970000006
臺北市,松山區,福德宮,306802.104029436,2771350.29090238
臺北市,松山區,臺北松山機場,305701.15999999933,2773004.7409999995
臺北市,松山區,劍童廟,305872.87003568414,2771171.10044962
臺北市,松山區,聯合煤氣行,306026.4950000008,2771667.185
臺北市,大安區,九龍蓮社,305269.04661758366,2769332.8989268993
臺北市,大安區,十方禮儀企業有限公司,305612.93500000023,2767854.878
臺北市,大安區,三張配電變電所,306227.05765011,2769246.356364
臺北市,大安區,大安車層景福宮,305901.6114314033,2770732.19361284
臺北市,大安區,大安超高壓變電所,304867.2060000005,2768832.87
臺北市,大安區,大林行殯儀社,305517.88600000093,2767867.37
臺北市,大安區,山合煤氣有限公司,303423.23299999913,2768366.046
臺北市,大安區,中正配電變電所,302875.64401592646,2769314.4802973093
臺北市,大安區,六張犁企業有限公司,305578.22800000047,2767729.318
臺北市,大安區,天使紀念有限公司,305591.0280000008,2767718.768
臺北市,大安區,天泰禮儀有限公司,303118.08100000035,2769672.069
臺北市,大安區,北方葬儀社,305590.9680000001,2767879.456
臺北市,大安區,台北市大安區福安宮,305253.0515060157,2768337.53265439
臺北市,大安區,台塑石化勝利加油站,304306.6429999991,2769313.818
臺北市,大安區,台灣中油金山南路站加油站,303202.24299999967,2769368.0410000007
臺北市,大安區,台灣中油信義路站加油站,306053.42900000024,2769540.106
臺北市,大安區,台灣中油基隆路站加油站,306093.9349999998,2768959.776
臺北市,大安區,台灣中油富陽街站加油站,306206.40200000047,2768011.018
臺北市,大安區,台灣中油陽光市民加油站,304107.712000001,2770760.143
臺北市,大安區,台灣中油新生南路站加油站,303804.3860000002,2770145.669
臺北市,大安區,台灣中油龍安站加油站,304024.3079999999,2768732.398
臺北市,大安區,正泰殯儀有限公司,305578.7400000001,2767719.8959999997
臺北市,大安區,正翔生命禮儀有限公司,305591.0280000008,2767718.768
臺北市,大安區,永憶國際有限公司,305417.8700000012,2769547.768
臺北市,大安區,全教殯儀實業有限公司,305713.0480000007,2767497.6490000007
臺北市,大安區,安心國際殯葬禮儀有限公司,305564.1959999993,2767752.5349999997
臺北市,大安區,安慶殯葬服務有限公司,305537.35900000023,2767845.0310000004
臺北市,大安區,安興禮儀社,305495.4450000004,2767799.191
臺北市,大安區,佛化靈儀社股份有限公司,304704.6889999991,2768285.4060000004
臺北市,大安區,佛苑會館有限公司,305591.0280000008,2767718.768
臺北市,大安區,佛源禮儀有限公司,305517.88600000093,2767867.37
臺北市,大安區,你的生命有限公司,305621.7037995774,2767893.47038804
臺北市,大安區,玖達禮儀禮品有限公司,305545.10600000026,2767807.1259999997
臺北市,大安區,宜恩生命禮儀有限公司,305591.0280000008,2767718.768
臺北市,大安區,尚城國際股份有限公司,305630.30400000117,2767888.9610000006
臺北市,大安區,承邑生命禮儀有限公司,305861.02200000116,2770456.5739999996
臺北市,大安區,承豊生命禮儀有限公司,305549.499,2770463.035
臺北市,大安區,承賢國際有限公司,306009.9649999996,2770500.9409999996
臺北市,大安區,明慈實業有限公司,305630.30400000117,2767888.9610000006
臺北市,大安區,明臻禮儀企業有限公司,305633.3530000012,2767915.034
臺北市,大安區,昇德生命有限公司,305633.3530000012,2767915.034
臺北市,大安區,法雲寺,303838.64410406427,2769681.27954842
臺北市,大安區,臥龍生命有限公司,305633.3530000012,2767915.034
臺北市,大安區,臥龍配電變電所,305256.37800057116,2768123.2377781095
臺北市,大安區,花雲禮儀有限公司,305591.0280000008,2767718.768
臺北市,大安區,品安生命股份有限公司,305581.59300000087,2767816.756
臺北市,大安區,建國配電變電所,304230.8919999992,2769701.4009999996
臺北市,大安區,恆韜生命禮儀有限公司,305549.499,2770463.035
臺北市,大安區,夏教養聖堂,304168.55746968044,2769973.08213069
臺北市,大安區,晉尊生命事業有限公司,305861.02200000116,2770456.5739999996
臺北市,大安區,泰安生命股份有限公司,305612.93500000023,2767854.878
臺北市,大安區,泰安宮,303395.356732861,2769040.8667813903
臺北市,大安區,財團法人台北市天德堂總堂,306737.48760598764,2767444.01624817
臺北市,大安區,財團法人台北市白雲禪寺,305711.3418235335,2769437.7957610306
臺北市,大安區,財團法人台北市圓通學苑,302838.3751831725,2769117.5061395904
臺北市,大安區,財團法人台北市福佑宮,304741.19939789886,2770785.17044946
臺北市,大安區,財團法人通化堂,304867.43959597277,2768872.60951812
臺北市,大安區,凱韻生命禮儀有限公司,305861.02200000116,2770456.5739999996
臺北市,大安區,勝世間有限公司,304871.10899999936,2768750.5210000006
臺北市,大安區,勝鹿有限公司,305861.02200000116,2770456.5739999996
臺北市,大安區,湧妙興業有限公司,305758.82699999877,2770505.9699999997
臺北市,大安區,善得事業股份有限公司,304871.10899999936,2768750.5210000006
臺北市,大安區,善滿緣企業社,305595.04199999984,2767885.254
臺北市,大安區,善德殯儀有限公司,305713.0480000007,2767497.6490000007
臺北市,大安區,菩提林禮儀有限公司,305517.88600000093,2767867.37
臺北市,大安區,詠愛園生命有限公司,302914.7070000003,2768842.004
臺北市,大安區,雲品人文有限公司,305490.03899999877,2770464.623
臺北市,大安區,圓周生命禮儀有限公司,305490.03899999877,2770464.623
臺北市,大安區,慈園禮儀用品有限公司,305657.57499999896,2767906.392
臺北市,大安區,慈蓮企業社,302894.40099999943,2768664.992
臺北市,大安區,慈關生命事業有限公司,303185.06000000006,2768319.745
臺北市,大安區,新生命企業社,305571.8900000004,2767772.2169999997
臺北市,大安區,新復捷變電站,304840.3869999995,2770324.469
臺北市,大安區,萬安生命科技股份有限公司,305585.4339999989,2767854.615
臺北市,大安區,萬華生命禮儀有限公司,305622.6730000007,2767892.828
臺北市,大安區,義泰禮儀服務社,305611.90799999906,2767850.307
臺北市,大安區,雋詠禮儀股份有限公司,305517.88600000093,2767867.37
臺北市,大安區,壽德殯儀有限公司,305595.04199999984,2767885.254
臺北市,大安區,寧陽生命禮儀有限公司,305861.02200000116,2770456.5739999996
臺北市,大安區,榮耀國際生命事業有限公司,305517.88600000093,2767867.37
臺北市,大安區,福山國際有限公司,305587.9789999993,2767866.0439999998
臺北市,大安區,福林國際禮儀有限公司,305622.6730000007,2767892.828
臺北市,大安區,福界有限公司,305581.59300000087,2767816.756
臺北市,大安區,福景宮,306234.4207884389,2769181.5523808
臺北市,大安區,福德緣滿生命禮儀股份有限公司,305591.0280000008,2767718.768
臺北市,大安區,福興宮,306205.5016524312,2769660.59902593
臺北市,大安區,福臨葬儀服務有限公司,305622.6730000007,2767892.828
臺北市,大安區,維克禮儀事業有限公司,305614.7279999996,2767862.875
臺北市,大安區,臺北市立火化場,305814.875,2767414.9579999996
臺北市,大安區,臺北市立第二殯儀館,305814.875,2767414.9579999996
臺北市,大安區,廣聯服務有限公司,305861.02200000116,2770456.5739999996
臺北市,大安區,德昌殯儀禮品行,305713.0480000007,2767497.6490000007
臺北市,大安區,蓮風企業有限公司,305517.88600000093,2767867.37
臺北市,大安區,蓮登諮詢顧問有限公司,303118.08100000035,2769672.069
臺北市,大安區,憶安禮儀有限公司,305517.88600000093,2767867.37
臺北市,大安區,興安社禮儀有限公司,305560.086999999,2767753.49
臺北市,大安區,靜心禮儀有限公司,305571.8900000004,2767772.2169999997
臺北市,大安區,禮御生命美學股份有限公司,305591.0280000008,2767718.768
臺北市,大安區,禮壂國際服務有限公司,305622.6730000007,2767892.828
臺北市,大安區,羅時生命禮儀有限公司,305517.88600000093,2767867.37
臺北市,大安區,觀音禪院,303864.11388964066,2769665.53456638
臺北市,萬華區,今日企業有限公司,300856.79299999913,2770206.475
臺北市,萬華區,代天府北行宮,299679.27204080916,2769742.4253506404
臺北市,萬華區,北天宮,300959.28611235763,2770047.14391303
臺北市,萬華區,台北天后宮,301088.83709124016,2770609.39687769
臺北市,萬華區,台北市聖安宮,300033.6559824599,2769261.8110540793
臺北市,萬華區,台北朝天宮,299923.2424916892,2769136.1240427396
臺北市,萬華區,台灣中油山隆華中加油站,300329.5049999999,2768295.287
臺北市,萬華區,台灣中油山隆萬大加油站,300520.58299999894,2768879.4900000007
臺北市,萬華區,台灣中油桂林路站加油站,300787.03200000076,2770114.103
臺北市,萬華區,台灣中油環河南路站加油站,299653.728999999,2769477.831
臺北市,萬華區,先天道院,299966.54726604454,2768453.0349352206
臺北市,萬華區,成都配電變電所,300624.00499999884,2770708.95
臺北市,萬華區,助順將軍廟,300782.8736315819,2770903.4011609196
臺北市,萬華區,妙覺精舍,299953.53757341206,2769273.77162029
臺北市,萬華區,快良瓦斯行,299877.255,2769949.865
臺北市,萬華區,東隆宮,299630.32196236704,2768380.82343061
臺北市,萬華區,青年配電變電所,301425.0129999991,2768469.937
臺北市,萬華區,青龍宮,299691.7623541488,2769060.06825695
臺北市,萬華區,財團法人台北市北安宮,300618.39564141975,2769167.83646166
臺北市,萬華區,財團法人台北市法華寺,301056.6087925502,2770168.98797681
臺北市,萬華區,財團法人台北市艋舺龍山寺,300445.36830469215,2769944.4604988
臺北市,萬華區,財團法人台北湄聖宮,299841.42059519596,2768136.9409293
臺北市,萬華區,財團法人理教總公所台灣清心堂公所,301174.5194481586,2770343.51634188
臺北市,萬華區,財團法人臺北市真武殿,300505.3268276885,2769970.0344895506
臺北市,萬華區,財團法人臺北市廣照宮,300500.82274778024,2768480.35067336
臺北市,萬華區,財團法人艋舺清水巖祖師廟,300720.3224414319,2770333.3714337293
臺北市,萬華區,常福企業有限公司,300512.0639999997,2770262.0509999995
臺北市,萬華區,常福鮮花禮儀社,300512.0639999997,2770262.0509999995
臺北市,萬華區,清蓮宮,300304.3755901801,2769762.2480362593
臺北市,萬華區,善善禮儀有限公司,300645.24200000096,2770858.026
臺北市,萬華區,貴婦煤氣有限公司,299943.40800000116,2767948.2680000006
臺北市,萬華區,集義宮,300587.026728066,2769737.9391882704
臺北市,萬華區,順隆禮儀社,300749.47599999903,2770887.662
臺北市,萬華區,慈雲寺,300844.80488561984,2771018.14042827
臺北市,萬華區,新約龍華佛教聖國山保安堂,300596.17722212186,2770177.62710494
臺北市,萬華區,楊聖廟,300034.96624060906,2768903.92420907
臺北市,萬華區,萬華二次變電所,299886.0482071088,2769401.03518056
臺北市,萬華區,義山煤氣有限公司,300639.61399999907,2768569.0780000007
臺北市,萬華區,福民企業有限公司,300639.0500000004,2768565.305
臺北市,萬華區,艋舺青山宮,300404.7882902797,2770300.72411996
臺北市,萬華區,艋舺能源有限公司,300695.93836095993,2769516.6876215395
臺北市,萬華區,艋舺龍津宮,300423.4987273918,2770446.14735564
臺北市,萬華區,蓮池寺,299700.86702767236,2769943.84443317
臺北市,萬華區,寶冠生命禮儀企業社,300749.47599999903,2770887.662
臺北市,萬華區,巖清寺,299674.6334900094,2768264.78596006
臺北市,信義區,三張犁福佑宮,307727.04294005013,2768532.1966570094
臺北市,信義區,中坡福壽宮,309223.1051446118,2770320.89898536
臺北市,信義區,仁緣生命事業有限公司,306023.57800000045,2768821.7019999996
臺北市,信義區,天之眼生命事業有限公司,306506.4560000006,2769666.648
臺北市,信義區,天寶聖道宮,308451.0834369335,2769016.55327234
臺北市,信義區,以勒生命有限公司,308092.22400000074,2771206.743
臺北市,信義區,代天殿靈雲宮,307634.4000339402,2768954.984870819
臺北市,信義區,台北市松山五分埔福德宮,308190.0884091143,2771179.29975146
臺北市,信義區,台和盛企業有限公司,306670.129999999,2769242.8929999997
臺北市,信義區,台灣中油忠孝東路站加油站,307238.93999999954,2770490.0380000006
臺北市,信義區,台灣中油松山路站加油站,308280.2939999991,2770311.2979999995
臺北市,信義區,台灣民本生命事業有限公司,307096.9490000009,2770657.785
臺北市,信義區,石泉巖,306874.6901391899,2767227.18725035
臺北市,信義區,吉福宮,308710.985237055,2769814.80118046
臺北市,信義區,同心緣生命企業有限公司,307046.102999999,2770572.592
臺北市,信義區,利嘉實業有限公司,306506.4560000006,2769666.648
臺北市,信義區,沐霖行銷有限公司,307046.102999999,2770572.592
臺北市,信義區,協勝煤氣有限公司,306589.72600000043,2769265.5769999996
臺北市,信義區,東吉精緻生命禮儀有限公司,308094.66999999946,2771206.1739999996
臺北市,信義區,松山奉天宮,309022.51897838584,2770059.74178767
臺北市,信義區,松山進安宮,308563.96870250726,2771062.3736659195
臺北市,信義區,松山順安宮,307363.97710903885,2770826.9923099503
臺北市,信義區,松山慈惠堂,309285.5226092046,2769953.3423613003
臺北市,信義區,松山煤氣有限公司,308992.051999999,2770154.034
臺北市,信義區,松山靈隱寺,308675.06877168274,2768675.88450411
臺北市,信義區,狀元廟,307079.7857503853,2768825.89384341
臺北市,信義區,金順發煤氣行,308376.86400000006,2769940.4930000002
臺北市,信義區,長恩禮儀有限公司,306396.77700000035,2769364.629
臺北市,信義區,信義天后宮,307120.63832785445,2768815.50088684
臺北市,信義區,時代煤氣有限公司,306317.34800000105,2769369.578
臺北市,信義區,真光禪寺,309273.10311510897,2769444.1193142
臺北市,信義區,財團法人台北市松山寺,307424.6189005448,2768487.8232709
臺北市,信義區,財團法人台北市靈源寺,308182.7807032738,2771087.57592359
臺北市,信義區,財團法人承天武聖廟,306874.6901391899,2767227.18725035
臺北市,信義區,基信配電變電所,307483.2529912788,2770411.65425617
臺北市,信義區,御肅人文有限公司,306979.67056871543,2770463.1891121203
臺北市,信義區,普陀山慈航寺,308856.48400448094,2768746.38457457
臺北市,信義區,普陞禮儀社,307563.7550000006,2771181.109
臺北市,信義區,港口奉聖宮,306874.6901391899,2767227.18725035
臺北市,信義區,菩提心禮儀有限公司,306506.4560000006,2769666.648
臺北市,信義區,順安能源有限公司,307711.8579999997,2770773.549
臺北市,信義區,傳恩有限公司,308094.66999999946,2771206.1739999996
臺北市,信義區,慈恩園生命紀念館,307480.83800000086,2767270.5229999996
臺北市,信義區,慈恩園寶塔諴業股份有限公司,307480.83800000086,2767270.5229999996
臺北市,信義區,慈圓生命禮儀有限公司,306506.4560000006,2769666.648
臺北市,信義區,榮明欣有限公司,306307.0180000001,2769329.83
臺北市,信義區,緣允生命有限公司,306396.77700000035,2769364.629
臺北市,信義區,蓮心禮儀有限公司,308094.66999999946,2771206.1739999996
臺北市,信義區,興雅二次變電所,307700.52044783067,2770933.66727958
臺北市,信義區,興雅福德宮,308514.9131168239,2771012.09153377
臺北市,信義區,薪龍生命禮儀有限公司,308094.66999999946,2771206.1739999996
臺北市,信義區,禮部侍郎有限公司,307046.102999999,2770572.592
臺北市,信義區,麒心國際禮儀有限公司,307054.6499999994,2770568.997
臺北市,信義區,寶山企業有限公司,306506.4560000006,2769666.648
臺北市,士林區,九蓮寺,306449.4045652647,2777327.45059042
臺北市,士林區,久大氣體有限公司,301347.79299999954,2775640.5370000005
臺北市,士林區,士林二次變電所,303233.63263225195,2775892.22119021
臺北市,士林區,士林街福德宮,302743.8893139659,2775832.84139565
臺北市,士林區,大豐煤氣有限公司,302488.36199999886,2774734.3989999997
臺北市,士林區,天母三玉宮,303508.1316484016,2778954.8502668506
臺北市,士林區,王順亨企業有限公司,300006.8030000011,2776979.197
臺北市,士林區,台北市士林承德福德宮,302716.0323200785,2775076.1661807504
臺北市,士林區,台北市士林區合誠宮,308031.54454475024,2780025.7478305604
臺北市,士林區,台北地藏禪寺,299562.404677131,2776901.9784616507
臺北市,士林區,台塑石化全國台北交流加油站,301651.4540000005,2775046.387
臺北市,士林區,台塑石化全國洲美加油站,300256.7879999995,2776185.907
臺北市,士林區,台塑石化西歐士林加油站,303281.92900000105,2776469.7480000006
臺北市,士林區,台塑石化西歐基河加油站,302654.9270000008,2775584.8420000006
臺北市,士林區,台灣中油文林路站加油站,303068.0750000005,2775572.901
臺北市,士林區,台灣中油社子站加油站,301620.45400000084,2775301.1459999997
臺北市,士林區,台灣中油芝山加油站,303327.946,2777170.825
臺北市,士林區,台灣中油陽明山站加油站,305038.3390000011,2780894.4259999995
臺北市,士林區,台灣中油福林站加油站,303210.885000001,2776118.799
臺北市,士林區,永明寺,304562.6854937032,2777494.6965325396
臺北市,士林區,永順開發煤氣有限公司,301121.1960000008,2775623.2109999997
臺北市,士林區,共和宮,300969.162959889,2775646.5073199095
臺北市,士林區,吉祥寺,304604.45490038116,2779550.77226263
臺北市,士林區,百齡配電變電所,301785.5739999995,2776544.186
臺北市,士林區,位立賓煤氣企業有限公司,303612.2550000013,2779282.64
臺北市,士林區,妙光寺,304425.2432041797,2776457.4268279406
臺北市,士林區,妙法寺,309192.9009277768,2779579.8877892
臺北市,士林區,宏倫企業有限公司,300603.4559999989,2775967.7270000004
臺北市,士林區,協詠生命禮儀有限公司,301140.6309999997,2775550.5029999996
臺北市,士林區,坤天亭,298914.80358858296,2777452.3250104296
臺北市,士林區,東方寺,306369.45634933957,2779538.10925577
臺北市,士林區,東華行有限公司,305216.1960000008,2780923.4919999996
臺北市,士林區,武德禮儀有限公司,302515.5869999995,2776241.3499999996
臺北市,士林區,法雨山普宜苑,308206.01625131175,2779346.3966671596
臺北市,士林區,社子二次變電所,300408.2943143619,2776265.27607637
臺北市,士林區,芝山巖惠濟宮,304130.17399699165,2777121.97416862
臺北市,士林區,金寶成殯葬禮儀有限公司,300912.3589999997,2775780.774
臺北市,士林區,宣誠煤氣行,303087.15300000075,2775773.449
臺北市,士林區,昭明寺,303099.2397739099,2775093.07626486
臺北市,士林區,飛龍寺,304116.3887609922,2780588.92613149
臺北市,士林區,財團法人台北市士林神農宮,303097.3040000001,2776716.5020000003
臺北市,士林區,財團法人台北市妙德蘭若,304654.6878019904,2777195.0566024305
臺北市,士林區,財團法人台北市南海普陀山慧濟寺,304069.2011261782,2779879.91298404
臺北市,士林區,財團法人台北葫蘆寺,301537.5685922624,2774713.76522103
臺北市,士林區,啟明佛寺,302914.26562903024,2775954.13862414
臺北市,士林區,淨光寺,304179.2588359195,2780063.1030842806
臺北市,士林區,淨因寺,306117.72118239466,2776960.57547263
臺北市,士林區,報恩寺,303078.38420562894,2775310.1834131004
臺北市,士林區,湧泉寺,306027.3838170617,2776847.17193783
臺北市,士林區,無極天聖殿,308703.26729536813,2780899.2982627596
臺北市,士林區,華珍企業有限公司,302338.45799999987,2775677.168
臺北市,士林區,陽明山公館里關聖帝君廟,307024.5288705153,2779642.6732274396
臺北市,士林區,圓明寺,306267.92362248595,2777297.966342091
臺北市,士林區,慈悟寺,303692.8784165259,2780686.96927765
臺北市,士林區,慈諴宮,302924.88529089023,2775795.7252245205
臺北市,士林區,新興煤氣行,305099.13600000006,2781036.8679999993
臺北市,士林區,鼎峰國際商務有限公司,303185.94400000054,2776636.007
臺北市,士林區,廣明寺,300553.916961349,2775971.7986799907
臺北市,士林區,蘭雅配電變電所,303691.2350830176,2778304.24201221
臺北市,士林區,鶴鳴精舍,307676.7178020614,2780425.2401679703
