地區,申報戶數(戶)
新北市板橋區,"164,747"
桃園市桃園區,"139,883"
新北市新莊區,"127,748"
新北市中和區,"125,630"
桃園市中壢區,"124,643"
新北市三重區,"110,729"
臺北市大安區,"104,300"
新北市新店區,"97,849"
高雄市鳳山區,"96,737"
臺北市內湖區,"96,596"
高雄市三民區,"94,549"
臺北市士林區,"89,205"
臺北市文山區,"87,322"
臺中市北屯區,"84,643"
臺北市北投區,"79,769"
臺北市中山區,"77,811"
臺北市信義區,"71,672"
臺中市西屯區,"70,094"
新北市汐止區,"69,534"
新北市土城區,"69,208"
新北市永和區,"68,647"
臺北市松山區,"68,458"
新竹市東區,"68,104"
新竹縣竹北市,"65,060"
桃園市平鎮區,"64,649"
臺南市永康區,"64,298"
彰化縣彰化市,"63,984"
新北市淡水區,"59,552"
桃園市八德區,"58,765"
新北市蘆洲區,"57,347"
高雄市左營區,"56,862"
臺中市大里區,"56,229"
高雄市楠梓區,"54,526"
臺中市南屯區,"54,303"
臺南市東區,"53,689"
新北市樹林區,"52,623"
臺北市萬華區,"52,543"
桃園市楊梅區,"52,331"
臺北市中正區,"51,119"
桃園市蘆竹區,"51,069"
桃園市龜山區,"50,566"
屏東縣屏東市,"49,772"
高雄市前鎮區,"49,552"
臺中市太平區,"48,434"
臺南市安南區,"48,318"
高雄市苓雅區,"47,954"
臺中市豐原區,"46,002"
新竹市北區,"45,699"
高雄市小港區,"42,414"
臺中市北區,"41,039"
高雄市鼓山區,"40,226"
臺北市大同區,"39,843"
新北市林口區,"39,173"
臺北市南港區,"39,017"
臺中市南區,"38,246"
嘉義市西區,"36,201"
臺南市北區,"36,154"
臺中市西區,"34,480"
桃園市龍潭區,"34,323"
彰化縣員林市,"32,130"
嘉義市東區,"32,003"
臺南市南區,"31,713"
苗栗縣頭份市,"31,392"
新北市三峽區,"30,794"
臺中市潭子區,"30,348"
新竹縣竹東鎮,"28,867"
雲林縣斗六市,"28,425"
高雄市岡山區,"27,048"
花蓮縣花蓮市,"26,906"
高雄市大寮區,"26,638"
南投縣南投市,"26,284"
苗栗縣竹南鎮,"26,202"
新北市五股區,"26,088"
高雄市仁武區,"26,077"
臺中市大雅區,"25,950"
臺中市沙鹿區,"25,792"
宜蘭縣宜蘭市,"25,588"
苗栗縣苗栗市,"25,553"
基隆市安樂區,"25,185"
桃園市大園區,"25,168"
彰化縣和美鎮,"24,767"
新北市鶯歌區,"24,703"
南投縣草屯鎮,"24,314"
新竹縣湖口鄉,"23,965"
臺東縣臺東市,"23,883"
桃園市大溪區,"23,774"
新竹市香山區,"23,698"
臺中市清水區,"23,505"
新北市泰山區,"22,903"
花蓮縣吉安鄉,"22,095"
彰化縣鹿港鎮,"21,632"
臺南市新營區,"21,629"
臺南市中西區,"21,619"
臺中市龍井區,"21,355"
臺中市烏日區,"21,208"
臺中市東區,"20,680"
臺南市仁德區,"20,649"
桃園市觀音區,"19,563"
臺中市大甲區,"19,542"
臺南市安平區,"19,114"
宜蘭縣羅東鎮,"18,524"
澎湖縣馬公市,"17,716"
臺南市歸仁區,"17,602"
臺中市神岡區,"17,514"
新竹縣新豐鄉,"17,135"
嘉義縣民雄鄉,"16,625"
高雄市林園區,"16,531"
基隆市信義區,"16,439"
臺中市梧棲區,"16,366"
雲林縣虎尾鎮,"16,342"
基隆市七堵區,"16,192"
臺中市霧峰區,"15,809"
南投縣埔里鎮,"15,152"
高雄市新興區,"15,132"
臺中市大肚區,"15,034"
臺南市佳里區,"14,858"
臺南市善化區,"14,496"
宜蘭縣冬山鄉,"14,174"
基隆市中正區,"13,986"
高雄市路竹區,"13,526"
高雄市鳥松區,"13,377"
金門縣金城鎮,"13,267"
桃園市新屋區,"13,153"
臺中市后里區,"13,113"
基隆市中山區,"12,640"
彰化縣溪湖鎮,"12,361"
屏東縣潮州鎮,"12,239"
基隆市暖暖區,"11,812"
高雄市橋頭區,"11,807"
彰化縣花壇鄉,"11,716"
苗栗縣苑裡鎮,"11,325"
基隆市仁愛區,"11,204"
彰化縣福興鄉,"11,141"
宜蘭縣五結鄉,"11,117"
臺南市麻豆區,"11,064"
新北市八里區,"11,047"
屏東縣內埔鄉,"10,931"
臺中市東勢區,"10,620"
臺南市新市區,"10,569"
嘉義縣水上鄉,"10,500"
臺南市新化區,"10,441"
南投縣竹山鎮,"10,329"
雲林縣斗南鎮,"10,307"
金門縣金寧鄉,"10,149"
屏東縣萬丹鄉,"10,129"
彰化縣秀水鄉,"10,096"
雲林縣麥寮鄉,"9,923"
新竹縣新埔鎮,"9,800"
金門縣金湖鎮,"9,767"
彰化縣社頭鄉,"9,599"
彰化縣大村鄉,"9,546"
彰化縣伸港鄉,"9,473"
新北市瑞芳區,"9,413"
彰化縣二林鎮,"9,393"
彰化縣田中鎮,"9,135"
嘉義縣朴子市,"9,061"
屏東縣東港鎮,"9,006"
嘉義縣太保市,"8,924"
高雄市大樹區,"8,919"
宜蘭縣蘇澳鎮,"8,877"
苗栗縣公館鄉,"8,690"
高雄市大社區,"8,689"
宜蘭縣礁溪鄉,"8,657"
高雄市梓官區,"8,508"
高雄市前金區,"8,483"
雲林縣北港鎮,"8,280"
苗栗縣後龍鎮,"8,262"
彰化縣埔心鄉,"8,218"
嘉義縣中埔鄉,"8,184"
雲林縣西螺鎮,"8,184"
彰化縣永靖鄉,"8,033"
臺南市關廟區,"7,916"
苗栗縣通霄鎮,"7,756"
臺中市外埔區,"7,727"
宜蘭縣員山鄉,"7,669"
高雄市湖內區,"7,597"
彰化縣北斗鎮,"7,522"
南投縣名間鄉,"7,344"
彰化縣埔鹽鄉,"7,093"
臺南市安定區,"7,076"
高雄市美濃區,"7,046"
新北市深坑區,"6,952"
新竹縣關西鎮,"6,928"
高雄市旗山區,"6,773"
高雄市燕巢區,"6,748"
屏東縣長治鄉,"6,664"
屏東縣新園鄉,"6,507"
高雄市阿蓮區,"6,405"
高雄市茄萣區,"6,338"
嘉義縣大林鎮,"6,296"
金門縣金沙鎮,"6,249"
高雄市鹽埕區,"6,160"
雲林縣古坑鄉,"6,108"
彰化縣埤頭鄉,"6,108"
嘉義縣新港鄉,"5,978"
臺南市學甲區,"5,879"
新竹縣芎林鄉,"5,853"
宜蘭縣頭城鎮,"5,823"
嘉義縣竹崎鄉,"5,768"
雲林縣莿桐鄉,"5,763"
宜蘭縣壯圍鄉,"5,671"
臺南市西港區,"5,639"
新北市三芝區,"5,625"
臺南市鹽水區,"5,576"
彰化縣田尾鄉,"5,368"
臺南市官田區,"5,353"
高雄市旗津區,"5,296"
彰化縣溪州鄉,"5,293"
雲林縣土庫鎮,"5,286"
臺南市六甲區,"5,094"
臺南市下營區,"5,071"
花蓮縣新城鄉,"5,045"
彰化縣芬園鄉,"5,015"
屏東縣恆春鎮,"4,964"
彰化縣芳苑鄉,"4,906"
臺南市白河區,"4,885"
臺南市柳營區,"4,858"
宜蘭縣三星鄉,"4,853"
新北市金山區,"4,832"
屏東縣里港鄉,"4,820"
臺南市後壁區,"4,726"
新北市萬里區,"4,544"
新竹縣寶山鄉,"4,526"
苗栗縣銅鑼鄉,"4,429"
嘉義縣布袋鎮,"4,401"
臺中市大安區,"4,261"
花蓮縣玉里鎮,"4,228"
屏東縣鹽埔鄉,"4,180"
臺中市新社區,"4,176"
屏東縣九如鄉,"4,157"
高雄市彌陀區,"4,115"
彰化縣線西鄉,"4,103"
澎湖縣湖西鄉,"4,017"
臺中市中區,"4,000"
金門縣烈嶼鄉,"3,927"
雲林縣二崙鄉,"3,919"
雲林縣口湖鄉,"3,911"
苗栗縣三義鄉,"3,902"
雲林縣崙背鄉,"3,881"
雲林縣臺西鄉,"3,859"
屏東縣枋寮鄉,"3,855"
雲林縣元長鄉,"3,846"
嘉義縣六腳鄉,"3,817"
雲林縣林內鄉,"3,670"
臺南市七股區,"3,631"
雲林縣水林鄉,"3,584"
雲林縣四湖鄉,"3,545"
雲林縣大埤鄉,"3,528"
屏東縣萬巒鄉,"3,454"
臺中市石岡區,"3,443"
臺南市東山區,"3,394"
高雄市永安區,"3,374"
花蓮縣壽豐鄉,"3,361"
臺南市將軍區,"3,322"
苗栗縣造橋鄉,"3,295"
屏東縣竹田鄉,"3,293"
屏東縣高樹鄉,"3,260"
嘉義縣東石鄉,"3,191"
花蓮縣秀林鄉,"3,165"
嘉義縣義竹鄉,"3,149"
新竹縣橫山鄉,"3,090"
屏東縣林邊鄉,"3,071"
南投縣鹿谷鄉,"3,049"
屏東縣佳冬鄉,"3,021"
南投縣水里鄉,"3,021"
彰化縣二水鄉,"3,004"
苗栗縣卓蘭鎮,"2,959"
嘉義縣梅山鄉,"2,856"
南投縣國姓鄉,"2,769"
臺東縣卑南鄉,"2,749"
苗栗縣頭屋鄉,"2,661"
連江縣南竿鄉,"2,658"
屏東縣麟洛鄉,"2,655"
屏東縣崁頂鄉,"2,636"
嘉義縣鹿草鄉,"2,636"
新北市石門區,"2,614"
苗栗縣大湖鄉,"2,564"
南投縣魚池鄉,"2,541"
南投縣中寮鄉,"2,537"
嘉義縣溪口鄉,"2,450"
彰化縣竹塘鄉,"2,398"
臺南市玉井區,"2,365"
彰化縣大城鄉,"2,309"
雲林縣東勢鄉,"2,291"
新北市貢寮區,"2,224"
雲林縣褒忠鄉,"2,220"
新竹縣北埔鄉,"2,203"
花蓮縣光復鄉,"2,165"
花蓮縣鳳林鎮,"2,126"
南投縣集集鎮,"2,097"
屏東縣南州鄉,"2,020"
澎湖縣白沙鄉,"2,007"
南投縣信義鄉,"1,991"
高雄市內門區,"1,989"
臺東縣成功鎮,"1,959"
南投縣仁愛鄉,"1,936"
花蓮縣瑞穗鄉,"1,797"
新北市雙溪區,"1,796"
嘉義縣番路鄉,"1,779"
屏東縣琉球鄉,"1,749"
苗栗縣南庄鄉,"1,747"
桃園市復興區,"1,732"
新北市石碇區,"1,695"
臺南市北門區,"1,693"
臺南市大內區,"1,686"
臺中市和平區,"1,638"
苗栗縣西湖鄉,"1,623"
臺南市山上區,"1,607"
臺東縣太麻里鄉,"1,543"
臺東縣關山鎮,"1,526"
澎湖縣西嶼鄉,"1,520"
苗栗縣三灣鄉,"1,514"
花蓮縣富里鄉,"1,484"
高雄市杉林區,"1,477"
屏東縣新埤鄉,"1,465"
高雄市六龜區,"1,463"
新北市坪林區,"1,434"
新北市烏來區,"1,361"
臺南市楠西區,"1,346"
臺南市南化區,"1,328"
新竹縣峨眉鄉,"1,279"
臺東縣池上鄉,"1,254"
屏東縣車城鄉,"1,239"
澎湖縣望安鄉,"1,200"
高雄市田寮區,"1,156"
新竹縣尖石鄉,"1,130"
花蓮縣萬榮鄉,"1,116"
臺東縣鹿野鄉,"1,115"
屏東縣滿州鄉,"1,097"
屏東縣來義鄉,"1,089"
屏東縣瑪家鄉,"1,067"
臺東縣東河鄉,"1,065"
屏東縣三地門鄉,"1,044"
連江縣北竿鄉,"1,000"
花蓮縣卓溪鄉,982
宜蘭縣南澳鄉,974
臺東縣長濱鄉,927
臺東縣綠島鄉,925
新北市平溪區,848
臺東縣大武鄉,833
臺東縣蘭嶼鄉,826
澎湖縣七美鄉,793
屏東縣牡丹鄉,791
苗栗縣獅潭鄉,785
苗栗縣泰安鄉,785
高雄市甲仙區,775
宜蘭縣大同鄉,754
嘉義縣大埔鄉,731
屏東縣泰武鄉,723
屏東縣獅子鄉,682
臺南市左鎮區,664
臺東縣海端鄉,652
花蓮縣豐濱鄉,630
嘉義縣阿里山鄉,629
屏東縣枋山鄉,617
臺南市龍崎區,617
連江縣東引鄉,615
臺東縣延平鄉,614
臺東縣金峰鄉,612
屏東縣春日鄉,601
屏東縣霧臺鄉,576
新竹縣五峰鄉,565
高雄市桃源區,564
連江縣莒光鄉,531
臺東縣達仁鄉,529
高雄市那瑪夏區,399
高雄市茂林區,315
金門縣烏坵鄉,214
