地區,綜合所得總額-變異係數(萬元)
新北市五股區,46.6
臺北市松山區,33.6
桃園市平鎮區,30.8
臺北市大安區,30.1
臺中市西區,29.1
臺北市中山區,27.0
屏東縣恆春鎮,25.0
高雄市苓雅區,24.6
臺北市士林區,24.3
臺北市信義區,24.2
桃園市龍潭區,22.9
新北市汐止區,22.6
臺北市中正區,22.1
新竹縣寶山鄉,21.7
新北市深坑區,21.1
新北市永和區,21.0
新竹縣芎林鄉,19.1
南投縣國姓鄉,19.1
臺南市永康區,19.0
臺中市中區,18.9
臺中市北區,18.9
臺北市南港區,18.5
新北市新店區,18.3
臺北市內湖區,18.3
臺北市文山區,17.8
新竹市東區,17.7
高雄市新興區,17.4
臺北市北投區,17.1
臺南市中西區,16.9
彰化縣彰化市,16.9
高雄市鼓山區,16.8
宜蘭縣蘇澳鎮,16.7
臺中市西屯區,16.6
新竹市北區,16.5
臺中市南屯區,16.4
臺南市安平區,16.2
彰化縣社頭鄉,16.1
臺中市大里區,16.1
臺南市東區,16.1
臺東縣成功鎮,15.9
新竹縣竹北市,15.9
新竹縣新埔鎮,15.9
新北市淡水區,15.8
高雄市前金區,15.8
臺北市大同區,15.7
臺北市萬華區,15.7
高雄市鳥松區,15.6
彰化縣北斗鎮,15.6
新北市三芝區,15.6
新北市中和區,15.6
彰化縣大村鄉,15.5
新北市板橋區,15.5
桃園市桃園區,15.4
新北市林口區,15.4
基隆市安樂區,15.4
新竹縣竹東鎮,15.2
臺中市龍井區,15.1
臺南市將軍區,15.0
臺東縣長濱鄉,14.9
高雄市三民區,14.9
彰化縣鹿港鎮,14.8
臺中市大甲區,14.7
高雄市鹽埕區,14.7
臺中市北屯區,14.6
宜蘭縣員山鄉,14.5
彰化縣花壇鄉,14.5
臺南市北區,14.4
臺中市豐原區,14.3
嘉義縣阿里山鄉,14.3
新北市石門區,14.2
臺東縣東河鄉,14.2
新北市新莊區,14.2
高雄市茂林區,14.1
桃園市龜山區,14.0
桃園市大園區,14.0
臺中市神岡區,14.0
連江縣南竿鄉,14.0
彰化縣員林市,13.9
新北市三重區,13.8
桃園市楊梅區,13.8
苗栗縣苗栗市,13.7
新竹市香山區,13.7
彰化縣福興鄉,13.6
新北市金山區,13.6
臺中市烏日區,13.6
苗栗縣南庄鄉,13.6
桃園市新屋區,13.5
新北市三峽區,13.5
臺南市龍崎區,13.5
新北市坪林區,13.4
新北市樹林區,13.4
桃園市蘆竹區,13.3
新北市八里區,13.3
高雄市前鎮區,13.2
高雄市左營區,13.2
新北市平溪區,13.2
臺中市霧峰區,13.2
臺中市潭子區,13.1
臺南市南區,13.1
臺中市大雅區,13.1
新北市蘆洲區,13.1
高雄市路竹區,13.0
苗栗縣頭屋鄉,13.0
雲林縣斗南鎮,12.9
高雄市阿蓮區,12.9
新北市土城區,12.9
彰化縣線西鄉,12.9
嘉義市東區,12.9
桃園市中壢區,12.9
宜蘭縣冬山鄉,12.8
新北市鶯歌區,12.7
臺南市善化區,12.7
臺中市沙鹿區,12.7
宜蘭縣南澳鄉,12.7
臺南市七股區,12.7
高雄市六龜區,12.7
宜蘭縣頭城鎮,12.6
臺中市石岡區,12.6
彰化縣永靖鄉,12.6
南投縣鹿谷鄉,12.6
南投縣魚池鄉,12.5
臺南市關廟區,12.5
基隆市信義區,12.5
彰化縣溪州鄉,12.5
彰化縣和美鎮,12.5
金門縣烈嶼鄉,12.5
彰化縣秀水鄉,12.5
新北市貢寮區,12.5
彰化縣田尾鄉,12.4
嘉義市西區,12.4
臺中市東區,12.4
苗栗縣頭份市,12.4
彰化縣芬園鄉,12.4
宜蘭縣三星鄉,12.4
臺南市西港區,12.4
彰化縣大城鄉,12.3
桃園市大溪區,12.3
雲林縣斗六市,12.3
新竹縣關西鎮,12.3
苗栗縣竹南鎮,12.3
新北市石碇區,12.3
臺南市楠西區,12.3
臺中市南區,12.3
花蓮縣瑞穗鄉,12.3
桃園市八德區,12.2
彰化縣芳苑鄉,12.2
雲林縣麥寮鄉,12.2
宜蘭縣礁溪鄉,12.2
臺東縣卑南鄉,12.2
高雄市岡山區,12.2
彰化縣二水鄉,12.2
高雄市仁武區,12.2
花蓮縣壽豐鄉,12.2
苗栗縣苑裡鎮,12.2
屏東縣高樹鄉,12.2
高雄市大寮區,12.2
基隆市七堵區,12.2
基隆市暖暖區,12.2
南投縣南投市,12.2
臺南市歸仁區,12.2
臺南市新化區,12.1
高雄市梓官區,12.1
臺南市麻豆區,12.1
桃園市觀音區,12.1
臺中市大安區,12.0
南投縣水里鄉,12.0
臺中市太平區,12.0
新竹縣新豐鄉,12.0
金門縣金湖鎮,12.0
花蓮縣玉里鎮,12.0
臺南市佳里區,12.0
臺南市新市區,12.0
新竹縣峨眉鄉,12.0
彰化縣埔鹽鄉,12.0
臺南市安南區,12.0
高雄市橋頭區,12.0
雲林縣莿桐鄉,11.9
臺中市新社區,11.9
高雄市湖內區,11.9
臺南市新營區,11.9
花蓮縣富里鄉,11.9
雲林縣大埤鄉,11.9
臺南市白河區,11.9
彰化縣二林鎮,11.9
臺中市大肚區,11.9
臺中市清水區,11.9
臺南市東山區,11.9
花蓮縣花蓮市,11.9
彰化縣埤頭鄉,11.9
新北市萬里區,11.8
雲林縣古坑鄉,11.8
嘉義縣朴子市,11.8
高雄市內門區,11.8
苗栗縣大湖鄉,11.8
高雄市大社區,11.8
彰化縣埔心鄉,11.8
宜蘭縣宜蘭市,11.8
南投縣埔里鎮,11.8
高雄市鳳山區,11.8
嘉義縣溪口鄉,11.8
臺中市梧棲區,11.7
臺南市仁德區,11.7
基隆市中正區,11.7
屏東縣南州鄉,11.7
南投縣集集鎮,11.7
南投縣草屯鎮,11.7
雲林縣北港鎮,11.7
新北市烏來區,11.7
高雄市杉林區,11.6
臺南市北門區,11.6
屏東縣東港鎮,11.6
嘉義縣番路鄉,11.6
南投縣竹山鎮,11.6
新北市泰山區,11.6
新北市雙溪區,11.6
臺東縣鹿野鄉,11.6
宜蘭縣羅東鎮,11.6
嘉義縣大林鎮,11.6
高雄市楠梓區,11.6
高雄市燕巢區,11.6
嘉義縣東石鄉,11.6
屏東縣竹田鄉,11.6
臺南市玉井區,11.6
屏東縣潮州鎮,11.6
屏東縣里港鄉,11.5
彰化縣田中鎮,11.5
臺南市學甲區,11.5
宜蘭縣壯圍鄉,11.5
新竹縣北埔鄉,11.5
雲林縣口湖鄉,11.5
臺中市東勢區,11.5
嘉義縣大埔鄉,11.4
彰化縣伸港鄉,11.4
金門縣金沙鎮,11.4
基隆市仁愛區,11.4
屏東縣萬巒鄉,11.4
嘉義縣中埔鄉,11.4
嘉義縣太保市,11.4
花蓮縣吉安鄉,11.4
新北市瑞芳區,11.4
屏東縣屏東市,11.3
新竹縣橫山鄉,11.3
臺南市柳營區,11.3
南投縣中寮鄉,11.3
苗栗縣三灣鄉,11.3
嘉義縣新港鄉,11.3
嘉義縣梅山鄉,11.3
臺中市外埔區,11.3
苗栗縣後龍鎮,11.3
雲林縣元長鄉,11.3
金門縣金城鎮,11.3
金門縣金寧鄉,11.3
雲林縣褒忠鄉,11.3
基隆市中山區,11.3
臺中市后里區,11.2
彰化縣溪湖鎮,11.2
嘉義縣竹崎鄉,11.2
宜蘭縣五結鄉,11.1
嘉義縣六腳鄉,11.1
雲林縣水林鄉,11.1
高雄市小港區,11.1
新竹縣五峰鄉,11.1
苗栗縣卓蘭鎮,11.1
屏東縣枋山鄉,11.1
宜蘭縣大同鄉,11.1
雲林縣土庫鎮,11.1
高雄市旗津區,11.0
新竹縣湖口鄉,11.0
雲林縣崙背鄉,11.0
彰化縣竹塘鄉,11.0
臺南市山上區,11.0
臺南市安定區,11.0
屏東縣麟洛鄉,11.0
澎湖縣七美鄉,11.0
高雄市茄萣區,11.0
高雄市旗山區,10.9
屏東縣萬丹鄉,10.9
屏東縣佳冬鄉,10.9
嘉義縣義竹鄉,10.9
臺南市鹽水區,10.9
苗栗縣通霄鎮,10.9
嘉義縣民雄鄉,10.9
臺東縣池上鄉,10.9
臺南市左鎮區,10.9
高雄市田寮區,10.9
臺南市下營區,10.9
苗栗縣公館鄉,10.8
臺南市六甲區,10.8
嘉義縣水上鄉,10.8
臺南市官田區,10.8
雲林縣林內鄉,10.8
花蓮縣光復鄉,10.8
高雄市彌陀區,10.8
高雄市大樹區,10.8
苗栗縣三義鄉,10.8
高雄市林園區,10.8
臺東縣臺東市,10.7
嘉義縣布袋鎮,10.7
苗栗縣銅鑼鄉,10.7
屏東縣三地門鄉,10.7
雲林縣西螺鎮,10.7
新竹縣尖石鄉,10.7
屏東縣九如鄉,10.6
雲林縣虎尾鎮,10.6
屏東縣新埤鄉,10.6
花蓮縣新城鄉,10.6
屏東縣林邊鄉,10.6
屏東縣琉球鄉,10.6
臺中市和平區,10.6
臺東縣關山鎮,10.6
屏東縣車城鄉,10.6
南投縣名間鄉,10.6
臺南市大內區,10.5
臺東縣綠島鄉,10.5
雲林縣二崙鄉,10.5
屏東縣內埔鄉,10.5
屏東縣長治鄉,10.5
屏東縣新園鄉,10.5
高雄市永安區,10.5
苗栗縣西湖鄉,10.4
高雄市甲仙區,10.4
臺南市後壁區,10.4
屏東縣枋寮鄉,10.3
澎湖縣馬公市,10.2
屏東縣崁頂鄉,10.2
屏東縣滿州鄉,10.2
高雄市美濃區,10.2
雲林縣四湖鄉,10.1
苗栗縣造橋鄉,10.1
南投縣仁愛鄉,10.1
嘉義縣鹿草鄉,10.1
臺南市南化區,10.0
連江縣北竿鄉,10.0
花蓮縣鳳林鎮,9.9
臺東縣大武鄉,9.9
屏東縣鹽埔鄉,9.8
雲林縣臺西鄉,9.8
花蓮縣秀林鄉,9.7
臺東縣太麻里鄉,9.7
苗栗縣獅潭鄉,9.6
屏東縣來義鄉,9.6
澎湖縣湖西鄉,9.5
澎湖縣白沙鄉,9.5
澎湖縣望安鄉,9.4
澎湖縣西嶼鄉,9.3
苗栗縣泰安鄉,9.3
花蓮縣豐濱鄉,9.3
桃園市復興區,9.2
南投縣信義鄉,9.2
臺東縣蘭嶼鄉,9.2
雲林縣東勢鄉,9.1
連江縣莒光鄉,8.9
金門縣烏坵鄉,8.7
屏東縣牡丹鄉,8.6
花蓮縣萬榮鄉,8.6
臺東縣金峰鄉,8.4
屏東縣春日鄉,8.3
屏東縣瑪家鄉,8.2
花蓮縣卓溪鄉,8.1
屏東縣獅子鄉,8.1
高雄市那瑪夏區,8.0
高雄市桃源區,8.0
臺東縣延平鄉,7.8
屏東縣霧臺鄉,7.8
臺東縣海端鄉,7.7
屏東縣泰武鄉,7.7
臺東縣達仁鄉,7.5
連江縣東引鄉,7.4
