地區,薪資所得占比(％)
臺東縣海端鄉,97.0
屏東縣霧臺鄉,96.7
屏東縣瑪家鄉,96.5
花蓮縣萬榮鄉,96.4
花蓮縣卓溪鄉,96.3
臺東縣延平鄉,95.6
屏東縣春日鄉,95.3
臺東縣達仁鄉,94.9
臺東縣金峰鄉,94.8
屏東縣泰武鄉,94.7
高雄市那瑪夏區,94.6
宜蘭縣南澳鄉,94.0
屏東縣來義鄉,93.9
屏東縣三地門鄉,93.6
高雄市桃源區,93.5
屏東縣牡丹鄉,93.3
臺東縣蘭嶼鄉,93.0
屏東縣獅子鄉,92.0
連江縣東引鄉,91.9
花蓮縣秀林鄉,91.8
新竹縣五峰鄉,91.6
澎湖縣七美鄉,91.4
新竹縣尖石鄉,91.4
澎湖縣望安鄉,90.1
連江縣莒光鄉,89.8
苗栗縣泰安鄉,89.5
南投縣信義鄉,89.1
連江縣北竿鄉,89.0
連江縣南竿鄉,88.6
臺東縣長濱鄉,88.5
苗栗縣造橋鄉,88.5
高雄市林園區,88.5
基隆市暖暖區,88.4
澎湖縣白沙鄉,88.3
新竹縣新豐鄉,88.3
桃園市復興區,88.3
宜蘭縣大同鄉,88.2
新北市瑞芳區,88.1
屏東縣崁頂鄉,87.9
苗栗縣銅鑼鄉,87.9
新竹縣湖口鄉,87.9
花蓮縣豐濱鄉,87.8
澎湖縣湖西鄉,87.7
基隆市中山區,87.7
臺東縣綠島鄉,87.6
新竹縣竹東鎮,87.6
桃園市觀音區,87.5
臺東縣大武鄉,87.4
高雄市旗津區,87.4
基隆市安樂區,87.3
花蓮縣光復鄉,87.2
南投縣仁愛鄉,87.2
苗栗縣頭屋鄉,87.1
新竹縣新埔鎮,87.1
新竹縣橫山鄉,87.1
高雄市杉林區,87.1
臺南市善化區,87.1
屏東縣佳冬鄉,87.0
苗栗縣公館鄉,87.0
屏東縣枋山鄉,86.9
苗栗縣頭份市,86.9
新竹縣竹北市,86.9
新竹縣北埔鄉,86.9
金門縣金湖鎮,86.8
屏東縣內埔鄉,86.7
基隆市七堵區,86.7
臺南市六甲區,86.6
基隆市信義區,86.6
苗栗縣西湖鄉,86.5
苗栗縣通霄鎮,86.4
金門縣烈嶼鄉,86.3
花蓮縣玉里鎮,86.3
屏東縣長治鄉,86.3
屏東縣竹田鄉,86.3
新竹縣芎林鄉,86.3
桃園市楊梅區,86.3
高雄市小港區,86.3
苗栗縣苗栗市,86.2
新竹縣峨眉鄉,86.2
高雄市茄萣區,86.2
臺南市官田區,86.2
金門縣金寧鄉,86.1
屏東縣新埤鄉,86.1
苗栗縣三義鄉,86.1
苗栗縣獅潭鄉,86.1
新竹縣關西鎮,86.1
高雄市大樹區,86.1
基隆市中正區,86.1
屏東縣萬巒鄉,86.0
屏東縣南州鄉,86.0
彰化縣二水鄉,86.0
高雄市楠梓區,86.0
臺南市下營區,86.0
屏東縣車城鄉,85.9
澎湖縣西嶼鄉,85.8
屏東縣枋寮鄉,85.8
新北市烏來區,85.8
臺東縣太麻里鄉,85.7
花蓮縣富里鄉,85.7
桃園市八德區,85.7
高雄市彌陀區,85.7
屏東縣麟洛鄉,85.6
苗栗縣三灣鄉,85.6
花蓮縣新城鄉,85.5
屏東縣新園鄉,85.5
桃園市龜山區,85.5
高雄市永安區,85.5
高雄市內門區,85.5
苗栗縣竹南鎮,85.4
高雄市美濃區,85.4
臺南市新市區,85.4
臺東縣成功鎮,85.3
金門縣金城鎮,85.2
金門縣烏坵鄉,85.2
桃園市龍潭區,85.2
宜蘭縣壯圍鄉,85.2
澎湖縣馬公市,85.1
臺東縣池上鄉,85.1
雲林縣林內鄉,85.1
臺東縣鹿野鄉,85.0
屏東縣鹽埔鄉,85.0
桃園市平鎮區,85.0
臺南市後壁區,85.0
屏東縣九如鄉,84.9
南投縣中寮鄉,84.9
苗栗縣卓蘭鎮,84.9
宜蘭縣五結鄉,84.9
新北市汐止區,84.8
新北市雙溪區,84.7
高雄市梓官區,84.7
金門縣金沙鎮,84.6
嘉義縣布袋鎮,84.6
臺東縣卑南鄉,84.5
臺南市東山區,84.5
嘉義縣太保市,84.4
新北市深坑區,84.4
嘉義縣大林鎮,84.3
嘉義縣水上鄉,84.3
新北市鶯歌區,84.3
新北市土城區,84.3
屏東縣林邊鄉,84.2
苗栗縣後龍鎮,84.2
臺南市學甲區,84.2
嘉義縣民雄鄉,84.1
臺南市鹽水區,84.1
雲林縣大埤鄉,84.0
新竹市香山區,84.0
南投縣名間鄉,84.0
桃園市新屋區,84.0
臺南市將軍區,84.0
臺中市東勢區,84.0
花蓮縣鳳林鎮,83.9
雲林縣臺西鄉,83.9
彰化縣田中鎮,83.9
桃園市大溪區,83.9
屏東縣琉球鄉,83.8
新北市泰山區,83.8
新北市平溪區,83.8
高雄市鳳山區,83.8
高雄市大寮區,83.8
臺南市楠西區,83.8
花蓮縣瑞穗鄉,83.7
新竹市北區,83.7
南投縣集集鎮,83.7
宜蘭縣蘇澳鎮,83.7
新北市中和區,83.7
新北市石門區,83.7
高雄市橋頭區,83.7
臺南市大內區,83.7
臺南市七股區,83.7
雲林縣古坑鄉,83.6
桃園市中壢區,83.6
臺東縣臺東市,83.5
嘉義縣鹿草鄉,83.5
雲林縣四湖鄉,83.5
新北市三芝區,83.5
臺東縣關山鎮,83.4
屏東縣萬丹鄉,83.4
臺南市柳營區,83.4
臺南市玉井區,83.4
屏東縣潮州鎮,83.3
嘉義縣竹崎鄉,83.3
雲林縣東勢鄉,83.3
苗栗縣大湖鄉,83.3
高雄市大社區,83.3
花蓮縣吉安鄉,83.2
宜蘭縣宜蘭市,83.2
臺南市山上區,83.2
雲林縣二崙鄉,83.1
宜蘭縣頭城鎮,83.1
新北市金山區,83.1
高雄市旗山區,83.1
臺南市新化區,83.1
嘉義縣溪口鄉,83.0
嘉義縣大埔鄉,83.0
彰化縣芬園鄉,83.0
高雄市湖內區,83.0
臺南市安定區,83.0
臺中市和平區,83.0
屏東縣里港鄉,82.9
雲林縣崙背鄉,82.9
新北市三峽區,82.9
新北市萬里區,82.9
嘉義縣新港鄉,82.8
苗栗縣南庄鄉,82.8
屏東縣屏東市,82.7
苗栗縣苑裡鎮,82.6
桃園市大園區,82.6
屏東縣東港鎮,82.5
彰化縣社頭鄉,82.5
宜蘭縣冬山鄉,82.5
臺南市西港區,82.5
嘉義縣朴子市,82.4
新北市蘆洲區,82.4
嘉義縣梅山鄉,82.3
雲林縣莿桐鄉,82.3
新北市貢寮區,82.3
高雄市甲仙區,82.2
高雄市茂林區,82.2
臺南市佳里區,82.2
臺南市關廟區,82.2
南投縣竹山鎮,82.1
宜蘭縣三星鄉,82.1
新北市三重區,82.1
臺南市永康區,82.1
臺中市新社區,82.1
桃園市蘆竹區,81.9
臺南市麻豆區,81.9
雲林縣水林鄉,81.8
南投縣南投市,81.8
臺南市北門區,81.8
花蓮縣壽豐鄉,81.7
彰化縣永靖鄉,81.7
彰化縣竹塘鄉,81.7
彰化縣溪州鄉,81.7
臺南市安南區,81.7
臺南市龍崎區,81.7
嘉義縣番路鄉,81.6
新北市新莊區,81.6
雲林縣元長鄉,81.5
新竹市東區,81.4
彰化縣田尾鄉,81.4
高雄市燕巢區,81.4
臺南市白河區,81.4
基隆市仁愛區,81.4
雲林縣虎尾鎮,81.3
雲林縣口湖鄉,81.3
嘉義縣六腳鄉,81.2
新北市淡水區,81.2
臺南市歸仁區,81.2
臺中市后里區,81.2
桃園市桃園區,81.1
高雄市阿蓮區,81.1
臺中市清水區,81.1
臺中市大安區,81.1
新北市板橋區,81.0
高雄市路竹區,81.0
屏東縣高樹鄉,80.9
嘉義縣阿里山鄉,80.9
南投縣埔里鎮,80.9
新北市樹林區,80.9
臺中市龍井區,80.9
雲林縣北港鎮,80.8
彰化縣伸港鄉,80.8
彰化縣埔心鄉,80.8
臺南市南化區,80.8
嘉義縣義竹鄉,80.7
雲林縣西螺鎮,80.7
南投縣草屯鎮,80.7
臺中市外埔區,80.7
屏東縣滿州鄉,80.6
彰化縣二林鎮,80.6
高雄市前鎮區,80.6
嘉義縣中埔鄉,80.5
雲林縣土庫鎮,80.5
臺南市新營區,80.5
臺中市石岡區,80.5
南投縣鹿谷鄉,80.4
南投縣國姓鄉,80.4
新竹縣寶山鄉,80.4
新北市永和區,80.4
臺中市梧棲區,80.4
宜蘭縣員山鄉,80.3
新北市八里區,80.3
臺南市左鎮區,80.3
屏東縣恆春鎮,80.2
臺中市南區,80.2
臺北市文山區,80.2
高雄市仁武區,80.1
嘉義縣東石鄉,80.0
高雄市左營區,80.0
臺中市太平區,80.0
彰化縣埤頭鄉,79.9
新北市林口區,79.9
雲林縣斗南鎮,79.8
雲林縣褒忠鄉,79.7
南投縣水里鄉,79.7
宜蘭縣礁溪鄉,79.7
宜蘭縣羅東鎮,79.7
高雄市岡山區,79.7
高雄市田寮區,79.6
臺南市仁德區,79.6
花蓮縣花蓮市,79.5
新北市石碇區,79.5
新北市新店區,79.4
臺中市潭子區,79.4
臺中市大肚區,79.4
臺北市南港區,79.4
高雄市三民區,79.3
臺中市沙鹿區,79.2
臺東縣東河鄉,79.1
新北市坪林區,79.0
彰化縣北斗鎮,78.8
雲林縣麥寮鄉,78.7
彰化縣線西鄉,78.7
彰化縣花壇鄉,78.6
南投縣魚池鄉,78.5
臺南市南區,78.5
嘉義市東區,78.4
臺中市大里區,78.1
雲林縣斗六市,78.0
嘉義市西區,77.9
臺中市大雅區,77.9
彰化縣芳苑鄉,77.8
彰化縣溪湖鎮,77.7
新北市五股區,77.7
彰化縣大城鄉,77.6
彰化縣埔鹽鄉,77.5
臺北市萬華區,77.4
臺中市霧峰區,77.1
臺北市北投區,77.0
彰化縣和美鎮,76.9
臺南市北區,76.9
臺中市烏日區,76.7
臺北市內湖區,76.4
彰化縣福興鄉,76.3
臺中市北屯區,76.3
臺中市神岡區,76.2
彰化縣秀水鄉,75.6
臺南市東區,75.4
臺中市東區,75.3
彰化縣彰化市,75.1
臺中市豐原區,74.8
臺中市大甲區,74.8
彰化縣員林市,74.5
高雄市鼓山區,74.4
高雄市苓雅區,73.7
彰化縣鹿港鎮,72.9
臺中市北區,72.9
臺南市安平區,72.3
臺中市南屯區,72.3
臺北市大同區,71.7
高雄市六龜區,70.8
臺中市西屯區,69.9
彰化縣大村鄉,69.7
高雄市鹽埕區,67.8
臺中市西區,67.8
臺北市松山區,67.8
高雄市新興區,66.6
臺北市信義區,66.2
高雄市前金區,65.7
臺北市士林區,65.2
高雄市鳥松區,65.0
臺南市中西區,64.1
臺北市中正區,62.1
臺北市中山區,62.1
臺中市中區,61.7
臺北市大安區,58.5
